date,CR Land(1109.HK),COLI(0688.HK),Longfor Group(0960.HK),China Vanke(2202.HK),China Jinmao(0817.HK),Greentown China(3900.HK),Yuexiu Property(0123.HK),Sunac China(1918.HK),Hopson Development(0754.HK),Country Garden(2007.HK),Logan Group(3380.HK),Poly Property(0119.HK),Agile Group(3383.HK),Powerlong(1238.HK),R&F Properties(2777.HK),CIFI Holdings(0884.HK),Shimao Group(0813.HK),Sino-Ocean Group(3377.HK),Kaisa Group(1638.HK),KWG Group(1813.HK)
2024-09-02 00:00:00+08:00,19.07261848449707,10.83415699005127,8.11266803741455,3.869999885559082,0.655731201171875,5.789722442626953,3.7074570655822754,0.9700000286102295,2.640000104904175,0.48500001430511475,0.75,1.2322447299957275,0.4099999964237213,0.5199999809265137,0.7400000095367432,0.24899999797344208,0.6000000238418579,0.23499999940395355,0.09099999815225601,0.23899999260902405
2024-09-03 00:00:00+08:00,19.16365623474121,10.88924503326416,8.265917778015137,4.0,0.655731201171875,6.0796918869018555,3.791930913925171,0.9900000095367432,2.700000047683716,0.48500001430511475,0.7599999904632568,1.2225421667099,0.41499999165534973,0.48500001430511475,0.7599999904632568,0.25999999046325684,0.6399999856948853,0.2329999953508377,0.09099999815225601,0.24699999392032623
2024-09-04 00:00:00+08:00,18.799501419067383,10.797430038452148,8.218026161193848,3.9700000286102295,0.6463636159896851,6.050695419311523,3.754387140274048,0.9700000286102295,2.690000057220459,0.48500001430511475,0.7599999904632568,1.1934340000152588,0.41499999165534973,0.49000000953674316,0.7599999904632568,0.2549999952316284,0.6399999856948853,0.2290000021457672,0.08500000089406967,0.2370000034570694
2024-09-05 00:00:00+08:00,19.118139266967773,10.83415699005127,8.227603912353516,4.070000171661377,0.655731201171875,6.340664386749268,3.8482465744018555,0.9800000190734863,2.700000047683716,0.48500001430511475,0.7699999809265137,1.1837313175201416,0.41999998688697815,0.47999998927116394,0.7599999904632568,0.2549999952316284,0.6499999761581421,0.23000000417232513,0.09099999815225601,0.24199999868869781
2024-09-09 00:00:00+08:00,18.3812313079834,10.52198600769043,7.959417819976807,3.930000066757202,0.6276284456253052,5.963704586029053,3.6792993545532227,0.9399999976158142,2.630000114440918,0.48500001430511475,0.75,1.1546231508255005,0.4000000059604645,0.4350000023841858,0.6899999976158142,0.23899999260902405,0.6000000238418579,0.22699999809265137,0.08799999952316284,0.2290000021457672
2024-09-10 00:00:00+08:00,17.59004783630371,10.20981502532959,7.528401851654053,3.8399999141693115,0.6276284456253052,5.664069175720215,3.6417553424835205,0.9300000071525574,2.569999933242798,0.48500001430511475,0.7300000190734863,1.1352176666259766,0.3449999988079071,0.36000001430511475,0.6700000166893005,0.20399999618530273,0.4650000035762787,0.19099999964237213,0.08799999952316284,0.21899999678134918
2024-09-11 00:00:00+08:00,17.626846313476562,10.191452980041504,7.346417427062988,3.8399999141693115,0.6369960308074951,5.664069175720215,3.8388609886169434,0.9200000166893005,2.490000009536743,0.48500001430511475,0.7300000190734863,1.1352176666259766,0.35499998927116394,0.3050000071525574,0.6600000262260437,0.20999999344348907,0.46000000834465027,0.18799999356269836,0.08699999749660492,0.21299999952316284
2024-09-12 00:00:00+08:00,17.847640991210938,10.228178024291992,7.461355209350586,3.890000104904175,0.6182608604431152,5.635072231292725,3.8857903480529785,0.9300000071525574,2.4600000381469727,0.48500001430511475,0.7400000095367432,1.1449203491210938,0.375,0.3100000023841858,0.6899999976158142,0.21799999475479126,0.4650000035762787,0.18700000643730164,0.08799999952316284,0.2160000056028366
2024-09-13 00:00:00+08:00,18.031639099121094,10.301630020141602,7.681652069091797,3.930000066757202,0.6280745267868042,5.6544036865234375,3.9045627117156982,0.9200000166893005,2.4600000381469727,0.48500001430511475,0.7599999904632568,1.1643258333206177,0.375,0.30000001192092896,0.6800000071525574,0.21899999678134918,0.4650000035762787,0.16599999368190765,0.09399999678134918,0.21799999475479126
2024-09-16 00:00:00+08:00,17.645246505737305,10.094087600708008,7.499667644500732,3.8399999141693115,0.6280745267868042,5.557746887207031,3.8482465744018555,0.9100000262260437,2.4100000858306885,0.48500001430511475,0.7699999809265137,1.1352176666259766,0.375,0.3449999988079071,0.6899999976158142,0.21899999678134918,0.4699999988079071,0.1850000023841858,0.0860000029206276,0.21299999952316284
2024-09-17 00:00:00+08:00,17.75564193725586,10.320496559143066,7.624183177947998,3.9000000953674316,0.6378881931304932,5.577078342437744,3.8388609886169434,0.9200000166893005,2.359999895095825,0.48500001430511475,0.800000011920929,1.1449203491210938,0.38499999046325684,0.3499999940395355,0.6499999761581421,0.22599999606609344,0.4749999940395355,0.19699999690055847,0.10100000351667404,0.2150000035762787
2024-09-19 00:00:00+08:00,19.135616302490234,10.829917907714844,8.150979995727539,4.230000019073486,0.6575155258178711,5.954038619995117,4.111053943634033,0.9900000095367432,2.450000047683716,0.48500001430511475,0.8199999928474426,1.2128394842147827,0.41999998688697815,0.35499998927116394,0.7300000190734863,0.2370000034570694,0.5,0.19200000166893005,0.11500000208616257,0.22599999606609344
2024-09-20 00:00:00+08:00,19.641605377197266,11.037460327148438,8.40001106262207,4.460000038146973,0.696770191192627,6.215011119842529,4.157983303070068,1.0399999618530273,2.4800000190734863,0.48500001430511475,0.8199999928474426,1.2322447299957275,0.4300000071525574,0.3400000035762787,0.75,0.2280000001192093,0.5299999713897705,0.20000000298023224,0.10899999737739563,0.2280000001192093
2024-09-23 00:00:00+08:00,19.457611083984375,11.169532775878906,8.380854606628418,4.559999942779541,0.7065838575363159,6.166683197021484,4.148597717285156,1.0299999713897705,2.490000009536743,0.48500001430511475,0.8100000023841858,1.2128394842147827,0.4300000071525574,0.3149999976158142,0.75,0.2280000001192093,0.5299999713897705,0.19699999690055847,0.1120000034570694,0.23000000417232513
2024-09-24 00:00:00+08:00,20.607587814331055,11.735556602478027,8.850181579589844,4.679999828338623,0.7360248565673828,6.379326820373535,4.35508918762207,1.1699999570846558,2.6600000858306885,0.48500001430511475,0.8399999737739563,1.2613530158996582,0.4650000035762787,0.375,0.8700000047683716,0.25999999046325684,0.6100000143051147,0.21199999749660492,0.11900000274181366,0.2549999952316284
2024-09-25 00:00:00+08:00,20.10159683227539,11.678954124450684,8.792713165283203,4.690000057220459,0.7262111902236938,6.224676609039307,4.308159351348877,1.190000057220459,2.7200000286102295,0.48500001430511475,0.8299999833106995,1.2613530158996582,0.4650000035762787,0.36000001430511475,0.8500000238418579,0.2549999952316284,0.6100000143051147,0.1979999989271164,0.11599999666213989,0.26499998569488525
2024-09-26 00:00:00+08:00,24.42551040649414,13.5090970993042,11.283024787902832,5.730000019073486,0.8832297921180725,7.336226463317871,4.974563121795654,1.5099999904632568,3.069999933242798,0.48500001430511475,0.9700000286102295,1.4262992143630981,0.5899999737739563,0.4449999928474426,0.9900000095367432,0.32499998807907104,0.8500000238418579,0.24300000071525574,0.12999999523162842,0.35499998927116394
2024-09-27 00:00:00+08:00,25.667484283447266,14.527938842773438,13.141180038452148,6.670000076293945,0.9617391228675842,8.602425575256348,5.791141986846924,1.690000057220459,3.440000057220459,0.48500001430511475,1.0399999618530273,1.5815424919128418,0.6299999952316284,0.5400000214576721,1.100000023841858,0.375,0.8999999761581421,0.27000001072883606,0.23000000417232513,0.3799999952316284
2024-09-30 00:00:00+08:00,26.357471466064453,15.01849365234375,14.405491828918457,7.449999809265137,1.1481987237930298,8.85373306274414,5.969475746154785,2.619999885559082,4.829999923706055,0.48500001430511475,1.149999976158142,1.7270833253860474,0.75,0.6700000166893005,1.4800000190734863,0.4449999928474426,1.1100000143051147,0.3050000071525574,0.41999998688697815,0.48500001430511475
2024-10-02 00:00:00+08:00,29.117416381835938,17.2825870513916,17.968551635742188,12.0,1.6192545890808105,10.496892929077148,7.555704116821289,4.599999904632568,6.179999828338623,0.48500001430511475,1.5,2.0472729206085205,1.9500000476837158,1.0499999523162842,2.799999952316284,0.8799999952316284,2.809999942779541,0.6200000047683716,0.6200000047683716,0.9599999785423279
2024-10-03 00:00:00+08:00,27.36945343017578,16.5467586517334,16.26364517211914,11.859999656677246,1.4131677150726318,9.539993286132812,6.861142635345459,3.630000114440918,4.75,0.48500001430511475,1.2400000095367432,1.9308403730392456,1.6399999856948853,0.8899999856948853,2.4600000381469727,0.6700000166893005,2.059999942779541,0.5299999713897705,0.4950000047683716,0.8299999833106995
2024-10-04 00:00:00+08:00,27.553449630737305,16.565624237060547,16.244489669799805,11.0,1.4229813814163208,9.878292083740234,6.861142635345459,3.5199999809265137,4.630000114440918,0.48500001430511475,1.2999999523162842,1.9308403730392456,1.7000000476837158,0.8799999952316284,2.2699999809265137,0.6499999761581421,2.140000104904175,0.550000011920929,0.5,0.800000011920929
2024-10-07 00:00:00+08:00,27.553449630737305,16.829769134521484,16.01461410522461,10.9399995803833,1.6192545890808105,9.916954040527344,7.339827060699463,3.7200000286102295,4.929999828338623,0.48500001430511475,1.309999942779541,2.0084619522094727,1.7999999523162842,0.8999999761581421,2.380000114440918,0.6800000071525574,2.450000047683716,0.5600000023841858,0.5199999809265137,0.8199999928474426
2024-10-08 00:00:00+08:00,23.87352180480957,14.169458389282227,12.394085884094238,7.489999771118164,1.1678261756896973,8.418778419494629,6.007019519805908,2.3399999141693115,4.239999771118164,0.48500001430511475,0.9900000095367432,1.7173805236816406,1.0499999523162842,0.6299999952316284,1.6299999952316284,0.4350000023841858,1.6200000047683716,0.35499998927116394,0.3199999928474426,0.5899999737739563
2024-10-09 00:00:00+08:00,23.229534149169922,13.584567070007324,12.01096248626709,6.849999904632568,1.0795031785964966,8.061149597167969,5.687896728515625,2.25,3.8399999141693115,0.48500001430511475,0.9399999976158142,1.6203533411026,1.059999942779541,0.5600000023841858,1.6799999475479126,0.41499999165534973,1.6699999570846558,0.33500000834465027,0.28999999165534973,0.4950000047683716
2024-10-10 00:00:00+08:00,23.643526077270508,14.01851749420166,12.815523147583008,7.309999942779541,1.099130392074585,8.370450019836426,5.922545433044434,2.640000104904175,3.9800000190734863,0.48500001430511475,0.949999988079071,1.6688669919967651,1.1100000143051147,0.6600000262260437,1.7599999904632568,0.4300000071525574,1.7200000286102295,0.35499998927116394,0.3100000023841858,0.5299999713897705
2024-10-14 00:00:00+08:00,25.02349853515625,14.792084693908691,12.930461883544922,7.179999828338623,1.0795031785964966,8.844066619873047,6.240878582000732,2.5,3.8499999046325684,0.48500001430511475,0.9200000166893005,1.6785697937011719,1.0299999713897705,0.6600000262260437,1.6799999475479126,0.4350000023841858,1.600000023841858,0.35499998927116394,0.29499998688697815,0.550000011920929
2024-10-15 00:00:00+08:00,24.011518478393555,14.056252479553223,12.279149055480957,6.710000038146973,1.0402483940124512,8.73774528503418,5.9893083572387695,2.200000047683716,3.5899999141693115,0.48500001430511475,0.8700000047683716,1.6009479761123657,0.9300000071525574,0.5899999737739563,1.5,0.3799999952316284,1.4700000286102295,0.32499998807907104,0.25999999046325684,0.4950000047683716
2024-10-16 00:00:00+08:00,24.609508514404297,14.584542274475098,13.236960411071777,7.980000019073486,1.1285713911056519,9.163033485412598,6.3473124504089355,3.0799999237060547,3.9200000762939453,0.48500001430511475,1.0800000429153442,1.7076778411865234,1.0399999618530273,0.6800000071525574,1.9900000095367432,0.44999998807907104,1.7200000286102295,0.3799999952316284,0.36000001430511475,0.5799999833106995
2024-10-17 00:00:00+08:00,23.183536529541016,13.62230110168457,11.417119026184082,6.619999885559082,0.9813664555549622,8.467106819152832,5.766765594482422,2.240000009536743,3.5999999046325684,0.48500001430511475,0.949999988079071,1.562137246131897,0.8700000047683716,0.5899999737739563,1.5499999523162842,0.3799999952316284,1.3700000047683716,0.3149999976158142,0.2849999964237213,0.5
2024-10-18 00:00:00+08:00,24.103517532348633,13.961915969848633,11.896024703979492,6.909999847412109,1.0500621795654297,8.728078842163086,5.969956874847412,2.4100000858306885,3.75,0.48500001430511475,1.0,1.6203533411026,0.9300000071525574,0.6200000047683716,1.649999976158142,0.38999998569488525,1.4600000381469727,0.3199999928474426,0.28999999165534973,0.5199999809265137
2024-10-21 00:00:00+08:00,24.287513732910156,14.32039737701416,11.838555335998535,6.809999942779541,1.0598758459091187,8.921391487121582,5.940929412841797,2.450000047683716,3.5999999046325684,0.48500001430511475,1.0,1.6106507778167725,0.9100000262260437,0.6100000143051147,1.5800000429153442,0.3799999952316284,1.3700000047683716,0.3149999976158142,0.2750000059604645,0.5199999809265137
2024-10-22 00:00:00+08:00,24.149517059326172,14.433602333068848,12.01096248626709,7.019999980926514,1.0696895122528076,9.008382797241211,6.028011798858643,2.5,3.5799999237060547,0.48500001430511475,1.0099999904632568,1.6397589445114136,0.8899999856948853,0.6100000143051147,1.5700000524520874,0.38499999046325684,1.3799999952316284,0.3149999976158142,0.27000001072883606,0.5099999904632568
2024-10-23 00:00:00+08:00,24.103517532348633,14.339264869689941,12.183367729187012,7.230000019073486,1.0598758459091187,9.172698974609375,6.086066246032715,2.4700000286102295,3.5299999713897705,0.48500001430511475,1.0099999904632568,1.6397589445114136,0.8700000047683716,0.6000000238418579,1.5299999713897705,0.36500000953674316,1.190000057220459,0.30000001192092896,0.27000001072883606,0.5099999904632568
2024-10-24 00:00:00+08:00,23.27553367614746,13.980782508850098,11.74277400970459,7.070000171661377,1.0402483940124512,9.018048286437988,5.853847980499268,2.319999933242798,3.4600000381469727,0.48500001430511475,1.0,1.6009479761123657,0.8299999833106995,0.5799999833106995,1.440000057220459,0.3499999940395355,1.2000000476837158,0.2849999964237213,0.25999999046325684,0.48500001430511475
2024-10-25 00:00:00+08:00,23.137535095214844,13.773241996765137,11.646992683410645,7.079999923706055,1.0402483940124512,9.308018684387207,5.853847980499268,2.3299999237060547,3.4000000953674316,0.48500001430511475,1.0,1.6300561428070068,0.8399999737739563,0.6000000238418579,1.4500000476837158,0.3449999988079071,1.1699999570846558,0.28999999165534973,0.27000001072883606,0.47999998927116394
2024-10-28 00:00:00+08:00,23.643526077270508,14.339264869689941,12.202524185180664,7.480000019073486,1.089316725730896,9.95561695098877,6.028011798858643,2.5199999809265137,3.5,0.48500001430511475,1.059999942779541,1.6785697937011719,0.9300000071525574,0.6100000143051147,1.5499999523162842,0.39500001072883606,1.2699999809265137,0.3199999928474426,0.29499998688697815,0.5099999904632568
2024-10-29 00:00:00+08:00,23.27553367614746,13.886446952819824,12.01096248626709,7.260000228881836,1.0696895122528076,9.820297241210938,5.91190242767334,2.4600000381469727,3.4000000953674316,0.48500001430511475,1.0299999713897705,1.6300561428070068,0.9399999976158142,0.6000000238418579,1.5,0.375,1.2699999809265137,0.32499998807907104,0.29499998688697815,0.4950000047683716
2024-10-30 00:00:00+08:00,23.137535095214844,13.943047523498535,12.087586402893066,7.239999771118164,1.0795031785964966,9.839629173278809,6.086066246032715,2.5299999713897705,3.4100000858306885,0.48500001430511475,1.0399999618530273,1.6300561428070068,0.9399999976158142,0.6200000047683716,1.5199999809265137,0.3799999952316284,1.2899999618530273,0.33000001311302185,0.28999999165534973,0.4950000047683716
2024-10-31 00:00:00+08:00,23.781524658203125,14.01851749420166,12.087586402893066,7.409999847412109,1.1874533891677856,9.974947929382324,6.221527099609375,2.7200000286102295,3.490000009536743,0.48500001430511475,1.0700000524520874,1.6300561428070068,0.9300000071525574,0.6000000238418579,1.5399999618530273,0.38999998569488525,1.2300000190734863,0.33500000834465027,0.29499998688697815,0.5099999904632568
2024-11-01 00:00:00+08:00,24.609508514404297,14.622276306152344,12.4898681640625,7.409999847412109,1.1776398420333862,10.303579330444336,6.356988430023193,2.809999942779541,3.549999952316284,0.48500001430511475,1.0800000429153442,1.6591644287109375,0.9300000071525574,0.5899999737739563,1.5199999809265137,0.39500001072883606,1.2599999904632568,0.32499998807907104,0.2849999964237213,0.5199999809265137
2024-11-04 00:00:00+08:00,24.42551040649414,14.358132362365723,12.54733657836914,7.28000020980835,1.1678261756896973,10.2262544631958,6.337636947631836,2.859999895095825,3.5999999046325684,0.48500001430511475,1.0700000524520874,1.6785697937011719,0.8899999856948853,0.6000000238418579,1.5299999713897705,0.39500001072883606,1.190000057220459,0.32499998807907104,0.2800000011920929,0.5
2024-11-05 00:00:00+08:00,25.02349853515625,14.77321720123291,13.02624225616455,7.639999866485596,1.2561490535736084,10.245586395263672,6.463421821594238,3.1700000762939453,3.7899999618530273,0.48500001430511475,1.1299999952316284,1.7076778411865234,0.949999988079071,0.6000000238418579,1.6799999475479126,0.42500001192092896,1.2599999904632568,0.3449999988079071,0.29499998688697815,0.5400000214576721
2024-11-06 00:00:00+08:00,24.47150993347168,14.678879737854004,12.834680557250977,7.800000190734863,1.2561490535736084,9.974947929382324,6.395691394805908,3.2300000190734863,3.7699999809265137,0.48500001430511475,1.1299999952316284,1.7076778411865234,1.0099999904632568,0.6399999856948853,1.7799999713897705,0.4099999964237213,1.2300000190734863,0.3400000035762787,0.2849999964237213,0.5400000214576721
2024-11-07 00:00:00+08:00,25.345491409301758,15.056228637695312,13.9457426071167,8.329999923706055,1.3248447179794312,10.458230018615723,6.821425914764404,3.609999895095825,4.150000095367432,0.48500001430511475,1.190000057220459,1.804705023765564,1.1399999856948853,0.6800000071525574,2.109999895095825,0.45500001311302185,1.590000033378601,0.38999998569488525,0.3199999928474426,0.6100000143051147
2024-11-08 00:00:00+08:00,24.609508514404297,14.490203857421875,13.141180038452148,8.0,1.2463353872299194,9.974947929382324,6.705316066741943,3.2699999809265137,3.9600000381469727,0.48500001430511475,1.1699999570846558,1.7755969762802124,1.090000033378601,0.6899999976158142,2.1600000858306885,0.41999998688697815,1.5199999809265137,0.375,0.3050000071525574,0.5799999833106995
2024-11-11 00:00:00+08:00,24.057518005371094,13.848711967468262,12.470711708068848,7.510000228881836,1.1776398420333862,9.704309463500977,6.289257526397705,2.9600000381469727,3.75,0.48500001430511475,1.1100000143051147,1.7173805236816406,0.9900000095367432,0.6299999952316284,1.9600000381469727,0.38999998569488525,1.3899999856948853,0.3799999952316284,0.2849999964237213,0.550000011920929
2024-11-12 00:00:00+08:00,23.091537475585938,13.5090970993042,11.915180206298828,7.090000152587891,1.1285713911056519,9.35634708404541,6.037687301635742,2.859999895095825,3.569999933242798,0.48500001430511475,1.0499999523162842,1.6397589445114136,0.9300000071525574,0.6000000238418579,1.7999999523162842,0.36500000953674316,1.3200000524520874,0.3449999988079071,0.27000001072883606,0.5099999904632568
2024-11-13 00:00:00+08:00,23.045536041259766,13.527965545654297,11.723618507385254,6.929999828338623,1.1285713911056519,9.25002384185791,5.882874965667725,2.8399999141693115,3.509999990463257,0.48500001430511475,1.059999942779541,1.6300561428070068,0.8999999761581421,0.5699999928474426,1.7999999523162842,0.36500000953674316,1.2999999523162842,0.3400000035762787,0.2549999952316284,0.5099999904632568
2024-11-14 00:00:00+08:00,22.12555694580078,13.037410736083984,10.880743026733398,6.579999923706055,1.0795031785964966,9.114705085754395,5.737738132476807,2.640000104904175,3.4100000858306885,0.48500001430511475,1.0199999809265137,1.5912452936172485,0.8399999737739563,0.5799999833106995,1.690000057220459,0.3449999988079071,1.2100000381469727,0.3199999928474426,0.24699999392032623,0.49000000953674316
2024-11-15 00:00:00+08:00,21.7575626373291,12.792134284973145,10.919054985046387,6.389999866485596,1.0696895122528076,9.018048286437988,5.640980243682861,2.5999999046325684,3.3499999046325684,0.48500001430511475,1.0099999904632568,1.5524344444274902,0.8500000238418579,0.5799999833106995,1.7400000095367432,0.3400000035762787,1.2100000381469727,0.3199999928474426,0.24699999392032623,0.49000000953674316
2024-11-18 00:00:00+08:00,21.987558364868164,12.792134284973145,10.899900436401367,6.619999885559082,1.0795031785964966,9.018048286437988,5.718386650085449,2.690000057220459,3.4200000762939453,0.48500001430511475,1.0099999904632568,1.5718399286270142,0.8399999737739563,0.5799999833106995,1.8899999856948853,0.33500000834465027,1.2000000476837158,0.3149999976158142,0.24500000476837158,0.48500001430511475
2024-11-19 00:00:00+08:00,21.987558364868164,12.848735809326172,10.919054985046387,6.590000152587891,1.0795031785964966,9.279021263122559,5.670007705688477,2.7200000286102295,3.4100000858306885,0.48500001430511475,1.0399999618530273,1.5815424919128418,0.8500000238418579,0.5699999928474426,2.009999990463257,0.3400000035762787,1.2100000381469727,0.3149999976158142,0.22699999809265137,0.4950000047683716
2024-11-20 00:00:00+08:00,21.941560745239258,12.999675750732422,10.880743026733398,6.550000190734863,1.0795031785964966,9.288686752319336,5.592601776123047,2.609999895095825,3.4100000858306885,0.48500001430511475,1.0399999618530273,1.5912452936172485,0.8199999928474426,0.5799999833106995,1.909999966621399,0.33000001311302185,1.1799999475479126,0.32499998807907104,0.23000000417232513,0.4950000047683716
2024-11-21 00:00:00+08:00,21.665565490722656,12.848735809326172,10.727493286132812,6.380000114440918,1.0598758459091187,9.105039596557617,5.6022772789001465,2.369999885559082,3.309999942779541,0.48500001430511475,1.0,1.562137246131897,0.7900000214576721,0.5600000023841858,1.7300000190734863,0.3149999976158142,1.100000023841858,0.3050000071525574,0.20000000298023224,0.4749999940395355
2024-11-22 00:00:00+08:00,20.791584014892578,12.41478443145752,10.306056022644043,6.170000076293945,1.0009937286376953,8.815070152282715,5.321679592132568,2.3299999237060547,3.130000114440918,0.48500001430511475,0.9800000190734863,1.5330289602279663,0.7599999904632568,0.5299999713897705,1.7899999618530273,0.3050000071525574,1.0399999618530273,0.28999999165534973,0.1940000057220459,0.45500001311302185
2024-11-25 00:00:00+08:00,20.607587814331055,12.377049446105957,10.152807235717773,6.050000190734863,1.0009937286376953,8.699082374572754,5.3120036125183105,2.259999990463257,3.059999942779541,0.48500001430511475,0.9800000190734863,1.5233263969421387,0.7799999713897705,0.550000011920929,1.659999966621399,0.32499998807907104,1.0399999618530273,0.29499998688697815,0.18400000035762787,0.44999998807907104
2024-11-26 00:00:00+08:00,20.837581634521484,12.41478443145752,10.0953369140625,6.079999923706055,1.0108073949813843,8.747410774230957,5.273300647735596,2.2699999809265137,3.0799999237060547,0.48500001430511475,0.9900000095367432,1.5233263969421387,0.7699999809265137,0.550000011920929,1.659999966621399,0.3149999976158142,1.0399999618530273,0.29499998688697815,0.1850000023841858,0.44999998807907104
2024-11-27 00:00:00+08:00,21.389572143554688,12.66006088256836,10.325212478637695,6.260000228881836,1.0304347276687622,8.960055351257324,5.437788963317871,2.359999895095825,3.109999895095825,0.48500001430511475,1.0299999713897705,1.5524344444274902,0.7900000214576721,0.5699999928474426,1.7000000476837158,0.3149999976158142,1.059999942779541,0.30000001192092896,0.19599999487400055,0.46000000834465027
2024-11-28 00:00:00+08:00,21.067577362060547,12.527989387512207,10.210275650024414,6.190000057220459,1.0304347276687622,8.882729530334473,5.341031074523926,2.2899999618530273,3.0799999237060547,0.48500001430511475,1.0399999618530273,1.542731761932373,0.7699999809265137,0.5699999928474426,1.6100000143051147,0.3100000023841858,1.059999942779541,0.28999999165534973,0.1860000044107437,0.4399999976158142
2024-11-29 00:00:00+08:00,21.159576416015625,12.584590911865234,10.459306716918945,6.420000076293945,1.0598758459091187,9.201696395874023,5.476491928100586,2.4800000190734863,3.109999895095825,0.48500001430511475,1.0700000524520874,1.562137246131897,0.800000011920929,0.5799999833106995,1.649999976158142,0.33000001311302185,1.1100000143051147,0.29499998688697815,0.18400000035762787,0.44999998807907104
2024-12-02 00:00:00+08:00,21.389572143554688,12.754399299621582,10.65086841583252,6.550000190734863,1.089316725730896,9.472334861755371,5.515194892883301,2.559999942779541,3.119999885559082,0.48500001430511475,1.090000033378601,1.5912452936172485,0.8399999737739563,0.5799999833106995,1.6799999475479126,0.3449999988079071,1.2000000476837158,0.3050000071525574,0.1979999989271164,0.4650000035762787
2024-12-03 00:00:00+08:00,21.711563110351562,12.905339241027832,10.78496265411377,6.579999923706055,1.099130392074585,9.366011619567871,5.582925796508789,2.5199999809265137,3.119999885559082,0.48500001430511475,1.1100000143051147,1.6009479761123657,0.8500000238418579,0.5699999928474426,1.6299999952316284,0.3400000035762787,1.2000000476837158,0.29499998688697815,0.1979999989271164,0.45500001311302185
2024-12-04 00:00:00+08:00,21.80356216430664,12.96194076538086,10.593400955200195,6.440000057220459,1.099130392074585,9.25002384185791,5.524870872497559,2.440000057220459,3.0999999046325684,0.48500001430511475,1.1100000143051147,1.5912452936172485,0.8399999737739563,0.5699999928474426,1.5800000429153442,0.3400000035762787,1.1799999475479126,0.29499998688697815,0.20100000500679016,0.4449999928474426
2024-12-05 00:00:00+08:00,21.527568817138672,12.773265838623047,10.382681846618652,6.369999885559082,1.099130392074585,9.076043128967285,5.418437480926514,2.440000057220459,3.0799999237060547,0.48500001430511475,1.1100000143051147,1.5815424919128418,0.8100000023841858,0.550000011920929,1.5700000524520874,0.33000001311302185,1.1699999570846558,0.28999999165534973,0.19699999690055847,0.4449999928474426
2024-12-06 00:00:00+08:00,21.84956169128418,13.01854419708252,10.727493286132812,6.46999979019165,1.108944058418274,9.317684173583984,5.466816425323486,2.5199999809265137,3.119999885559082,0.48500001430511475,1.1200000047683716,1.6009479761123657,0.8500000238418579,0.5699999928474426,1.6200000047683716,0.3449999988079071,1.2000000476837158,0.28999999165534973,0.20499999821186066,0.44999998807907104
2024-12-09 00:00:00+08:00,22.67754364013672,13.395892143249512,11.436273574829102,6.989999771118164,1.1678261756896973,9.936285018920898,5.757089614868164,2.890000104904175,3.2799999713897705,0.48500001430511475,1.1799999475479126,1.6591644287109375,0.9300000071525574,0.6200000047683716,1.7899999618530273,0.375,1.3600000143051147,0.3149999976158142,0.2240000069141388,0.48500001430511475
2024-12-10 00:00:00+08:00,22.17155647277832,13.037410736083984,10.957367897033691,6.599999904632568,1.118757724761963,9.60765266418457,5.5732502937316895,2.609999895095825,3.180000066757202,0.48500001430511475,1.100000023841858,1.6009479761123657,0.8799999952316284,0.5799999833106995,1.659999966621399,0.3499999940395355,1.25,0.28999999165534973,0.2150000035762787,0.4699999988079071
2024-12-11 00:00:00+08:00,21.84956169128418,12.924205780029297,10.84243106842041,6.619999885559082,1.1285713911056519,9.520663261413574,5.582925796508789,2.75,3.200000047683716,0.48500001430511475,1.1200000047683716,1.6203533411026,0.8700000047683716,0.5600000023841858,1.6799999475479126,0.3499999940395355,1.2999999523162842,0.3050000071525574,0.22499999403953552,0.4650000035762787
2024-12-12 00:00:00+08:00,22.079559326171875,12.999675750732422,11.033994674682617,6.650000095367432,1.1383850574493408,9.858960151672363,5.640980243682861,2.7300000190734863,3.25,0.48500001430511475,1.1399999856948853,1.6203533411026,0.8799999952316284,0.5600000023841858,1.6399999856948853,0.3499999940395355,1.2899999618530273,0.3050000071525574,0.2329999953508377,0.46000000834465027
2024-12-13 00:00:00+08:00,21.573570251464844,12.358182907104492,10.22943115234375,6.159999847412109,1.0304347276687622,9.375677108764648,5.379734039306641,2.5,3.1600000858306885,0.48500001430511475,1.0800000429153442,1.542731761932373,0.8299999833106995,0.5400000214576721,1.5199999809265137,0.32499998807907104,1.190000057220459,0.29499998688697815,0.2240000069141388,0.4449999928474426
2024-12-16 00:00:00+08:00,21.067577362060547,12.037435531616211,9.731369972229004,6.03000020980835,1.0009937286376953,9.085707664489746,5.118488311767578,2.4200000762939453,3.1600000858306885,0.48500001430511475,1.090000033378601,1.542731761932373,0.800000011920929,0.5299999713897705,1.4900000095367432,0.3149999976158142,1.149999976158142,0.28999999165534973,0.22100000083446503,0.4300000071525574
2024-12-17 00:00:00+08:00,20.837581634521484,11.943098068237305,9.654744148254395,5.989999771118164,0.9813664555549622,8.85373306274414,5.04108190536499,2.4100000858306885,3.0899999141693115,0.48500001430511475,1.100000023841858,1.5330289602279663,0.800000011920929,0.5299999713897705,1.4700000286102295,0.3149999976158142,1.149999976158142,0.2800000011920929,0.21299999952316284,0.42500001192092896
2024-12-18 00:00:00+08:00,20.791584014892578,11.961965560913086,9.769681930541992,5.949999809265137,0.9911801218986511,9.027714729309082,5.079784870147705,2.450000047683716,3.109999895095825,0.48500001430511475,1.1100000143051147,1.513623595237732,0.7900000214576721,0.5299999713897705,1.4700000286102295,0.3100000023841858,1.1399999856948853,0.2800000011920929,0.210999995470047,0.42500001192092896
2024-12-19 00:00:00+08:00,20.469589233398438,11.754424095153809,9.673900604248047,5.670000076293945,0.95192551612854,8.85373306274414,5.05075740814209,2.390000104904175,3.130000114440918,0.48500001430511475,1.100000023841858,1.494218111038208,0.7799999713897705,0.5,1.440000057220459,0.30000001192092896,1.1200000047683716,0.27000001072883606,0.20499999821186066,0.41499999165534973
2024-12-20 00:00:00+08:00,20.469589233398438,11.641219139099121,9.654744148254395,5.590000152587891,0.9322981238365173,8.786073684692383,4.944324493408203,2.440000057220459,3.1700000762939453,0.48500001430511475,1.059999942779541,1.4748127460479736,0.800000011920929,0.4399999976158142,1.4600000381469727,0.30000001192092896,1.1100000143051147,0.26499998569488525,0.21199999749660492,0.4050000011920929
2024-12-23 00:00:00+08:00,20.653587341308594,11.697821617126465,9.731369972229004,5.599999904632568,0.95192551612854,8.776407241821289,4.934648513793945,2.359999895095825,3.130000114440918,0.48500001430511475,1.0700000524520874,1.4845154285430908,0.800000011920929,0.4300000071525574,1.409999966621399,0.30000001192092896,1.100000023841858,0.2549999952316284,0.2070000022649765,0.4050000011920929
2024-12-24 00:00:00+08:00,21.067577362060547,11.754424095153809,9.94208812713623,5.639999866485596,0.9617391228675842,8.950389862060547,4.9636759757995605,2.359999895095825,3.180000066757202,0.48500001430511475,1.0800000429153442,1.4845154285430908,0.7799999713897705,0.46000000834465027,1.4199999570846558,0.29499998688697815,1.100000023841858,0.26499998569488525,0.2070000022649765,0.4050000011920929
2024-12-27 00:00:00+08:00,21.067577362060547,11.697821617126465,9.654744148254395,5.590000152587891,0.9617391228675842,8.940723419189453,4.953999996185303,2.369999885559082,3.130000114440918,0.48500001430511475,1.059999942779541,1.5039207935333252,0.7699999809265137,0.4350000023841858,1.399999976158142,0.29499998688697815,1.0700000524520874,0.25,0.1979999989271164,0.4050000011920929
2024-12-30 00:00:00+08:00,20.74558448791504,11.62235164642334,9.635588645935059,5.309999942779541,0.9421117901802063,8.776407241821289,4.895945072174072,2.299999952316284,3.109999895095825,0.48500001430511475,1.059999942779541,1.494218111038208,0.7400000095367432,0.4350000023841858,1.3600000143051147,0.28999999165534973,1.0499999523162842,0.23899999260902405,0.19599999487400055,0.39500001072883606
2024-12-31 00:00:00+08:00,20.6995849609375,11.697821617126465,9.578119277954102,5.28000020980835,0.9617391228675842,8.99871826171875,4.953999996185303,2.299999952316284,3.119999885559082,0.48500001430511475,1.0700000524520874,1.5039207935333252,0.75,0.4449999928474426,1.3600000143051147,0.28999999165534973,1.0399999618530273,0.24799999594688416,0.1979999989271164,0.4000000059604645
2025-01-02 00:00:00+08:00,20.42359161376953,11.490280151367188,9.549385070800781,5.139999866485596,0.9322981238365173,9.143702507019043,4.9249725341796875,2.2699999809265137,3.059999942779541,0.48500001430511475,1.059999942779541,1.4845154285430908,0.7200000286102295,0.42500001192092896,1.3200000524520874,0.28999999165534973,1.0399999618530273,0.2409999966621399,0.1979999989271164,0.4050000011920929
2025-01-03 00:00:00+08:00,20.653587341308594,11.603484153747559,9.49191665649414,5.090000152587891,0.9126707911491394,9.13403606414795,4.886269569396973,2.2300000190734863,3.049999952316284,0.48500001430511475,1.0199999809265137,1.4845154285430908,0.699999988079071,0.4449999928474426,1.3200000524520874,0.2750000059604645,1.0199999809265137,0.24199999868869781,0.19699999690055847,0.39500001072883606
2025-01-06 00:00:00+08:00,20.37759017944336,11.62235164642334,9.49191665649414,5.03000020980835,0.8930435180664062,8.689416885375977,4.770159721374512,1.909999966621399,3.0299999713897705,0.48500001430511475,1.0,1.4748127460479736,0.6600000262260437,0.4399999976158142,1.2599999904632568,0.27000001072883606,0.9599999785423279,0.22300000488758087,0.19099999964237213,0.3700000047683716
2025-01-07 00:00:00+08:00,20.37759017944336,11.641219139099121,9.482337951660156,5.03000020980835,0.9028571844100952,8.602425575256348,4.770159721374512,1.840000033378601,3.049999952316284,0.48500001430511475,1.0099999904632568,1.465109944343567,0.6800000071525574,0.4699999988079071,1.2799999713897705,0.27000001072883606,0.9599999785423279,0.22699999809265137,0.1899999976158142,0.3700000047683716
2025-01-08 00:00:00+08:00,20.239595413208008,11.433677673339844,9.338665962219238,4.929999828338623,0.8734161257743835,8.196468353271484,4.70242977142334,1.75,2.950000047683716,0.48500001430511475,0.9599999785423279,1.4457045793533325,0.6499999761581421,0.4699999988079071,1.2400000095367432,0.25999999046325684,0.9200000166893005,0.22699999809265137,0.1860000044107437,0.3449999988079071
2025-01-09 00:00:00+08:00,20.10159683227539,11.452545166015625,9.060900688171387,4.929999828338623,0.8636024594306946,8.38011646270752,4.673402309417725,1.75,2.9200000762939453,0.48500001430511475,0.9800000190734863,1.4360018968582153,0.6600000262260437,0.5,1.2699999809265137,0.26499998569488525,0.949999988079071,0.22499999403953552,0.18299999833106995,0.3499999940395355
2025-01-10 00:00:00+08:00,19.82560157775879,11.263870239257812,8.907651901245117,4.699999809265137,0.8439751863479614,8.167471885681152,4.5669684410095215,1.2999999523162842,2.8499999046325684,0.48500001430511475,0.9300000071525574,1.397191047668457,0.6000000238418579,0.44999998807907104,1.159999966621399,0.2460000067949295,0.8600000143051147,0.210999995470047,0.17399999499320984,0.3199999928474426
2025-01-13 00:00:00+08:00,20.239595413208008,11.395942687988281,9.060900688171387,4.829999923706055,0.8537887930870056,8.360784530639648,4.576644420623779,1.4900000095367432,2.8399999141693115,0.48500001430511475,0.9599999785423279,1.397191047668457,0.6200000047683716,0.45500001311302185,1.2300000190734863,0.25999999046325684,0.8500000238418579,0.21799999475479126,0.1770000010728836,0.3199999928474426
2025-01-14 00:00:00+08:00,20.285593032836914,11.584616661071777,9.108792304992676,4.96999979019165,0.8734161257743835,8.476773262023926,4.789511680603027,1.5399999618530273,2.880000114440918,0.48500001430511475,0.9900000095367432,1.4262992143630981,0.6200000047683716,0.45500001311302185,1.2699999809265137,0.2549999952316284,0.9200000166893005,0.23600000143051147,0.18000000715255737,0.33500000834465027
2025-01-15 00:00:00+08:00,20.607587814331055,11.716689109802246,9.003432273864746,4.840000152587891,0.8636024594306946,8.457441329956055,4.663726806640625,1.5299999713897705,2.859999895095825,0.48500001430511475,0.9599999785423279,1.3874882459640503,0.6000000238418579,0.4350000023841858,1.2599999904632568,0.2549999952316284,0.8700000047683716,0.23399999737739563,0.18199999630451202,0.33000001311302185
2025-01-16 00:00:00+08:00,20.791584014892578,11.905364036560059,9.252463340759277,4.860000133514404,0.8636024594306946,8.49610424041748,4.615347385406494,1.600000023841858,2.869999885559082,0.48500001430511475,0.9700000286102295,1.397191047668457,0.6100000143051147,0.4399999976158142,1.2699999809265137,0.25999999046325684,0.8899999856948853,0.24500000476837158,0.18299999833106995,0.33500000834465027
2025-01-17 00:00:00+08:00,21.25157356262207,12.075170516967773,9.472760200500488,4.710000038146973,0.8930435180664062,8.699082374572754,4.731456756591797,1.5499999523162842,2.890000104904175,0.48500001430511475,0.9700000286102295,1.4165964126586914,0.6100000143051147,0.4350000023841858,1.2400000095367432,0.25999999046325684,0.8899999856948853,0.25,0.18000000715255737,0.33500000834465027
2025-01-20 00:00:00+08:00,21.573570251464844,11.792159080505371,9.463181495666504,4.949999809265137,0.9028571844100952,8.457441329956055,4.692753791809082,1.600000023841858,2.7899999618530273,0.48500001430511475,0.9900000095367432,1.4262992143630981,0.6299999952316284,0.4350000023841858,1.2799999713897705,0.27000001072883606,0.9200000166893005,0.25,0.18299999833106995,0.3499999940395355
2025-01-21 00:00:00+08:00,21.84956169128418,11.77329158782959,9.673900604248047,5.400000095367432,0.9224844574928284,8.844066619873047,4.818539142608643,1.659999966621399,2.8299999237060547,0.5699999928474426,0.9800000190734863,1.4262992143630981,0.6700000166893005,0.46000000834465027,1.2599999904632568,0.2750000059604645,0.949999988079071,0.24400000274181366,0.18700000643730164,0.3799999952316284
2025-01-22 00:00:00+08:00,21.389572143554688,11.584616661071777,9.30035400390625,5.260000228881836,0.8930435180664062,8.544432640075684,4.692753791809082,1.590000033378601,2.799999952316284,0.48500001430511475,0.9599999785423279,1.397191047668457,0.6100000143051147,0.45500001311302185,1.2000000476837158,0.25999999046325684,0.8899999856948853,0.23199999332427979,0.17900000512599945,0.3449999988079071
2025-01-23 00:00:00+08:00,21.02157974243164,11.452545166015625,9.223729133605957,5.420000076293945,0.8930435180664062,8.360784530639648,4.63469934463501,1.4900000095367432,2.809999942779541,0.41499999165534973,0.9700000286102295,1.4068937301635742,0.6200000047683716,0.4650000035762787,1.2000000476837158,0.25,0.8600000143051147,0.23000000417232513,0.17599999904632568,0.33500000834465027
2025-01-24 00:00:00+08:00,21.389572143554688,11.52801513671875,9.214150428771973,5.5,0.9028571844100952,8.399447441101074,4.70242977142334,1.5,2.8399999141693115,0.41999998688697815,0.9599999785423279,1.4165964126586914,0.6100000143051147,0.45500001311302185,1.2100000381469727,0.2549999952316284,0.8399999737739563,0.22699999809265137,0.18000000715255737,0.3449999988079071
2025-01-27 00:00:00+08:00,21.7575626373291,11.565750122070312,9.424869537353516,5.659999847412109,0.9126707911491394,8.351119041442871,4.673402309417725,1.590000033378601,2.890000104904175,0.4449999928474426,0.9800000190734863,1.4360018968582153,0.6399999856948853,0.46000000834465027,1.2400000095367432,0.25999999046325684,0.8600000143051147,0.21799999475479126,0.18000000715255737,0.35499998927116394
2025-01-28 00:00:00+08:00,21.665565490722656,11.641219139099121,9.415291786193848,5.78000020980835,0.9126707911491394,8.341453552246094,4.70242977142334,1.5800000429153442,2.9600000381469727,0.4350000023841858,0.9700000286102295,1.4068937301635742,0.6200000047683716,0.45500001311302185,1.2300000190734863,0.2549999952316284,0.8399999737739563,0.21899999678134918,0.17499999701976776,0.3499999940395355
2025-02-03 00:00:00+08:00,21.02157974243164,11.3770751953125,9.223729133605957,5.460000038146973,0.8930435180664062,8.167471885681152,4.518589973449707,1.5700000524520874,2.9200000762939453,0.41999998688697815,0.9800000190734863,1.3583801984786987,0.6000000238418579,0.44999998807907104,1.2000000476837158,0.2549999952316284,0.8100000023841858,0.2199999988079071,0.18000000715255737,0.3449999988079071
2025-02-04 00:00:00+08:00,21.29757308959961,11.565750122070312,9.396135330200195,5.630000114440918,0.9126707911491394,7.983824729919434,4.547616958618164,1.6299999952316284,2.950000047683716,0.4350000023841858,1.0099999904632568,1.377785563468933,0.6299999952316284,0.4650000035762787,1.2599999904632568,0.26499998569488525,0.8899999856948853,0.25999999046325684,0.18000000715255737,0.35499998927116394
2025-02-05 00:00:00+08:00,21.067577362060547,11.320472717285156,9.309932708740234,5.199999809265137,0.9028571844100952,7.9644927978515625,4.508913993835449,1.5499999523162842,2.8499999046325684,0.4099999964237213,0.9700000286102295,1.3680827617645264,0.6100000143051147,0.46000000834465027,1.2100000381469727,0.25999999046325684,0.8399999737739563,0.24400000274181366,0.17499999701976776,0.3449999988079071
2025-02-06 00:00:00+08:00,21.11357879638672,11.546882629394531,9.386557579040527,5.239999771118164,0.9224844574928284,8.051484107971191,4.508913993835449,1.5700000524520874,2.799999952316284,0.4050000011920929,0.9900000095367432,1.3874882459640503,0.6200000047683716,0.45500001311302185,1.2400000095367432,0.25999999046325684,0.8500000238418579,0.24799999594688416,0.17100000381469727,0.33500000834465027
2025-02-07 00:00:00+08:00,21.573570251464844,11.735556602478027,9.568541526794434,5.440000057220459,0.95192551612854,8.409112930297852,4.654050827026367,1.6799999475479126,2.8299999237060547,0.4099999964237213,1.0,1.4262992143630981,0.6499999761581421,0.4650000035762787,1.2799999713897705,0.26499998569488525,0.9200000166893005,0.25,0.17299999296665192,0.3400000035762787
2025-02-10 00:00:00+08:00,21.987558364868164,11.943098068237305,9.597275733947754,5.449999809265137,0.9617391228675842,8.757076263427734,4.683078289031982,1.7699999809265137,2.880000114440918,0.4099999964237213,0.9900000095367432,1.4554072618484497,0.6399999856948853,0.47999998927116394,1.2999999523162842,0.26499998569488525,0.9300000071525574,0.25999999046325684,0.17900000512599945,0.3400000035762787
2025-02-11 00:00:00+08:00,21.61956787109375,11.697821617126465,9.309932708740234,5.440000057220459,0.9322981238365173,8.525100708007812,4.528265476226807,1.6799999475479126,2.8299999237060547,0.4000000059604645,0.9700000286102295,1.4165964126586914,0.6100000143051147,0.4650000035762787,1.25,0.25,0.8899999856948853,0.24699999392032623,0.18299999833106995,0.3400000035762787
2025-02-12 00:00:00+08:00,22.907541275024414,12.377049446105957,10.057024955749512,6.349999904632568,1.0009937286376953,8.960055351257324,4.847566604614258,2.0299999713897705,3.0199999809265137,0.4350000023841858,1.0299999713897705,1.4845154285430908,0.6700000166893005,0.5199999809265137,1.4299999475479126,0.28999999165534973,1.0299999713897705,0.2849999964237213,0.20800000429153442,0.38499999046325684
2025-02-13 00:00:00+08:00,22.355552673339844,12.075170516967773,9.80799388885498,5.949999809265137,0.9421117901802063,9.047045707702637,4.7121052742004395,1.8600000143051147,2.869999885559082,0.4050000011920929,0.9900000095367432,1.4554072618484497,0.6100000143051147,0.4699999988079071,1.2999999523162842,0.26499998569488525,0.9200000166893005,0.2549999952316284,0.19699999690055847,0.35499998927116394
2025-02-14 00:00:00+08:00,23.183536529541016,12.697795867919922,9.94208812713623,6.039999961853027,0.9715527892112732,9.124370574951172,4.828214645385742,1.899999976158142,2.9700000286102295,0.4050000011920929,1.0199999809265137,1.4748127460479736,0.6399999856948853,0.48500001430511475,1.3300000429153442,0.2750000059604645,0.9800000190734863,0.26499998569488525,0.19499999284744263,0.3700000047683716
2025-02-17 00:00:00+08:00,23.045536041259766,12.924205780029297,9.80799388885498,5.860000133514404,0.9813664555549622,9.172698974609375,4.750808238983154,1.8799999952316284,3.0399999618530273,0.4099999964237213,1.0,1.4845154285430908,0.6299999952316284,0.47999998927116394,1.2599999904632568,0.27000001072883606,0.9700000286102295,0.2549999952316284,0.1899999976158142,0.36000001430511475
2025-02-18 00:00:00+08:00,23.137535095214844,12.792134284973145,9.6930570602417,5.789999961853027,0.9813664555549622,9.03738021850586,4.683078289031982,1.8700000047683716,2.9800000190734863,0.4050000011920929,1.0,1.4554072618484497,0.6200000047683716,0.46000000834465027,1.2400000095367432,0.27000001072883606,0.9300000071525574,0.25999999046325684,0.18799999356269836,0.3499999940395355
2025-02-19 00:00:00+08:00,23.137535095214844,13.037410736083984,9.769681930541992,5.929999828338623,0.9715527892112732,9.066376686096191,4.808863162994385,1.9199999570846558,3.0199999809265137,0.4000000059604645,1.0,1.4554072618484497,0.6000000238418579,0.4699999988079071,1.2300000190734863,0.26499998569488525,0.9300000071525574,0.27000001072883606,0.1899999976158142,0.3449999988079071
2025-02-20 00:00:00+08:00,22.49355125427246,12.66006088256836,9.55896282196045,5.75,0.9617391228675842,8.940723419189453,4.721781253814697,1.8799999952316284,2.9700000286102295,0.38999998569488525,0.9700000286102295,1.4457045793533325,0.6000000238418579,0.46000000834465027,1.2100000381469727,0.2549999952316284,0.8999999761581421,0.26499998569488525,0.18700000643730164,0.3449999988079071
2025-02-21 00:00:00+08:00,23.045536041259766,12.66006088256836,9.635588645935059,5.889999866485596,0.9813664555549622,9.578656196594238,4.886269569396973,1.909999966621399,3.059999942779541,0.38999998569488525,0.9800000190734863,1.465109944343567,0.5899999737739563,0.44999998807907104,1.2200000286102295,0.25999999046325684,0.9100000262260437,0.26499998569488525,0.18299999833106995,0.3449999988079071
2025-02-24 00:00:00+08:00,23.459529876708984,13.169483184814453,10.203241348266602,6.099999904632568,1.0500621795654297,10.032941818237305,5.031405925750732,2.0399999618530273,3.1500000953674316,0.4050000011920929,1.0,1.494218111038208,0.6299999952316284,0.4449999928474426,1.2599999904632568,0.25999999046325684,0.9300000071525574,0.27000001072883606,0.1899999976158142,0.3499999940395355
2025-02-25 00:00:00+08:00,23.50552749633789,12.980809211730957,9.928539276123047,5.920000076293945,1.0500621795654297,10.090934753417969,4.992702960968018,1.9700000286102295,3.0999999046325684,0.38499999046325684,0.9900000095367432,1.4457045793533325,0.6000000238418579,0.4099999964237213,1.2100000381469727,0.25,0.8899999856948853,0.24799999594688416,0.18700000643730164,0.3449999988079071
2025-02-26 00:00:00+08:00,24.701505661010742,13.980782508850098,10.988106727600098,6.230000019073486,1.099130392074585,11.32813835144043,5.273300647735596,2.130000114440918,3.259999990463257,0.39500001072883606,1.0299999713897705,1.542731761932373,0.6700000166893005,0.4650000035762787,1.309999942779541,0.2849999964237213,1.1200000047683716,0.26499998569488525,0.20200000703334808,0.3799999952316284
2025-02-27 00:00:00+08:00,24.839500427246094,14.056252479553223,11.478646278381348,6.380000114440918,1.1383850574493408,11.850083351135254,5.389410018920898,2.190000057220459,3.3499999046325684,0.4650000035762787,1.059999942779541,1.542731761932373,0.699999988079071,0.5,1.3799999952316284,0.29499998688697815,1.2799999713897705,0.2750000059604645,0.20600000023841858,0.38999998569488525
2025-02-28 00:00:00+08:00,23.919519424438477,13.584567070007324,10.458322525024414,6.599999904632568,1.089316725730896,11.115493774414062,5.1088128089904785,2.259999990463257,3.2100000381469727,0.5,1.0399999618530273,1.494218111038208,0.6800000071525574,0.4950000047683716,1.4299999475479126,0.2750000059604645,1.2699999809265137,0.26499998569488525,0.20000000298023224,0.4050000011920929
2025-03-03 00:00:00+08:00,24.149517059326172,13.603434562683105,10.752646446228027,6.53000020980835,1.1285713911056519,11.405464172363281,5.234597206115723,2.2300000190734863,3.259999990463257,0.5199999809265137,1.0499999523162842,1.542731761932373,0.6800000071525574,0.48500001430511475,1.3600000143051147,0.28999999165534973,1.2100000381469727,0.26499998569488525,0.20800000429153442,0.4099999964237213
2025-03-04 00:00:00+08:00,24.057518005371094,13.773241996765137,10.634918212890625,6.260000228881836,1.118757724761963,11.482789039611816,5.215245723724365,2.0899999141693115,3.190000057220459,0.5,1.0399999618530273,1.513623595237732,0.6499999761581421,0.4699999988079071,1.309999942779541,0.2800000011920929,1.1799999475479126,0.25999999046325684,0.20800000429153442,0.38999998569488525
2025-03-05 00:00:00+08:00,23.87352180480957,13.735507011413574,10.634918212890625,6.21999979019165,1.118757724761963,11.869414329528809,5.147515773773193,2.0299999713897705,3.25,0.48500001430511475,1.0,1.5233263969421387,0.6399999856948853,0.4449999928474426,1.309999942779541,0.2800000011920929,1.2300000190734863,0.25999999046325684,0.20399999618530273,0.4000000059604645
2025-03-06 00:00:00+08:00,24.839500427246094,14.395867347717285,11.086214065551758,6.489999771118164,1.1776398420333862,12.700660705566406,5.370058536529541,2.109999895095825,3.490000009536743,0.5099999904632568,1.059999942779541,1.562137246131897,0.699999988079071,0.47999998927116394,1.3700000047683716,0.29499998688697815,1.2899999618530273,0.27000001072883606,0.21199999749660492,0.4099999964237213
2025-03-07 00:00:00+08:00,24.51750946044922,14.282662391662598,10.713403701782227,6.340000152587891,1.1481987237930298,11.966071128845215,5.437788963317871,1.8899999856948853,3.4000000953674316,0.47999998927116394,1.0,1.5330289602279663,0.6600000262260437,0.4699999988079071,1.2899999618530273,0.2750000059604645,1.0499999523162842,0.2549999952316284,0.2070000022649765,0.3799999952316284
2025-03-10 00:00:00+08:00,23.87352180480957,13.886446952819824,10.65453815460205,6.199999809265137,1.1481987237930298,11.598776817321777,5.244273662567139,1.8700000047683716,3.430000066757202,0.5099999904632568,1.0499999523162842,1.5330289602279663,0.6499999761581421,0.4650000035762787,1.2799999713897705,0.2849999964237213,1.0800000429153442,0.25,0.20100000500679016,0.38499999046325684
2025-03-11 00:00:00+08:00,23.781524658203125,14.01851749420166,10.634918212890625,6.010000228881836,1.1383850574493408,11.42479419708252,5.205570220947266,1.7899999618530273,3.4600000381469727,0.5099999904632568,1.0199999809265137,1.513623595237732,0.6299999952316284,0.44999998807907104,1.2599999904632568,0.2750000059604645,1.0099999904632568,0.24300000071525574,0.19900000095367432,0.38999998569488525
2025-03-12 00:00:00+08:00,23.643526077270508,13.735507011413574,10.477944374084473,5.980000019073486,1.089316725730896,11.927409172058105,5.186218738555908,1.809999942779541,3.450000047683716,0.49000000953674316,0.9800000190734863,1.5039207935333252,0.6100000143051147,0.44999998807907104,1.2400000095367432,0.26499998569488525,1.0099999904632568,0.24300000071525574,0.19499999284744263,0.38499999046325684
2025-03-13 00:00:00+08:00,23.413532257080078,13.490230560302734,10.438701629638672,5.900000095367432,1.108944058418274,11.250813484191895,5.118488311767578,1.7899999618530273,3.3299999237060547,0.48500001430511475,0.9900000095367432,1.494218111038208,0.5899999737739563,0.4699999988079071,1.2300000190734863,0.2549999952316284,1.0199999809265137,0.24300000071525574,0.19900000095367432,0.3799999952316284
2025-03-14 00:00:00+08:00,24.333513259887695,13.886446952819824,10.693780899047852,6.119999885559082,1.2463353872299194,12.372028350830078,5.399085998535156,1.8799999952316284,3.380000114440918,0.5199999809265137,1.0099999904632568,1.5330289602279663,0.6200000047683716,0.4650000035762787,1.2599999904632568,0.27000001072883606,1.059999942779541,0.24400000274181366,0.1979999989271164,0.38499999046325684
2025-03-17 00:00:00+08:00,24.701505661010742,13.980782508850098,10.733024597167969,6.130000114440918,1.3150310516357422,12.971298217773438,5.563574314117432,1.8799999952316284,3.4100000858306885,0.550000011920929,1.0299999713897705,1.5815424919128418,0.6299999952316284,0.47999998927116394,1.2699999809265137,0.2800000011920929,1.059999942779541,0.24799999594688416,0.20000000298023224,0.38999998569488525
2025-03-18 00:00:00+08:00,25.06949806213379,14.056252479553223,10.811511993408203,6.139999866485596,1.3052173852920532,12.797316551208496,5.670007705688477,1.8300000429153442,3.4100000858306885,0.5299999713897705,1.0299999713897705,1.5815424919128418,0.6299999952316284,0.4749999940395355,1.2599999904632568,0.2750000059604645,1.0299999713897705,0.2549999952316284,0.19699999690055847,0.38999998569488525
2025-03-19 00:00:00+08:00,24.655506134033203,13.905313491821289,10.752646446228027,6.170000076293945,1.2659627199172974,12.565340995788574,5.524870872497559,1.7300000190734863,3.430000066757202,0.5199999809265137,1.0099999904632568,1.5524344444274902,0.6100000143051147,0.4650000035762787,1.2200000286102295,0.2750000059604645,1.0299999713897705,0.24699999392032623,0.1979999989271164,0.375
2025-03-20 00:00:00+08:00,23.919519424438477,13.5090970993042,10.497566223144531,6.010000228881836,1.1972670555114746,12.120721817016602,5.302328109741211,1.690000057220459,3.3399999141693115,0.4950000047683716,0.9900000095367432,1.5233263969421387,0.5799999833106995,0.4449999928474426,1.1799999475479126,0.26499998569488525,1.0,0.24400000274181366,0.19200000166893005,0.3700000047683716
2025-03-21 00:00:00+08:00,23.643526077270508,13.377025604248047,10.242485046386719,5.849999904632568,1.1481987237930298,11.676101684570312,5.147515773773193,1.649999976158142,3.2799999713897705,0.4699999988079071,0.9599999785423279,1.4845154285430908,0.5600000023841858,0.4050000011920929,1.1299999952316284,0.25999999046325684,0.9700000286102295,0.22599999606609344,0.19599999487400055,0.36000001430511475
2025-03-24 00:00:00+08:00,24.057518005371094,13.301555633544922,10.026646614074707,5.730000019073486,1.1481987237930298,11.676101684570312,5.128164291381836,1.6299999952316284,3.240000009536743,0.47999998927116394,0.9599999785423279,1.465109944343567,0.550000011920929,0.41499999165534973,1.100000023841858,0.25999999046325684,0.9399999976158142,0.22300000488758087,0.19499999284744263,0.35499998927116394
2025-03-25 00:00:00+08:00,23.413532257080078,13.282687187194824,9.967782020568848,5.619999885559082,1.1285713911056519,11.676101684570312,5.1088128089904785,1.5800000429153442,3.2100000381469727,0.46000000834465027,0.9399999976158142,1.4457045793533325,0.5600000023841858,0.4099999964237213,1.059999942779541,0.25,0.949999988079071,0.21799999475479126,0.1889999955892563,0.35499998927116394
2025-03-26 00:00:00+08:00,23.781524658203125,13.226086616516113,10.026646614074707,5.710000038146973,1.1383850574493408,11.676101684570312,5.157191276550293,1.600000023841858,3.3299999237060547,0.4749999940395355,0.949999988079071,1.4748127460479736,0.550000011920929,0.4099999964237213,1.0700000524520874,0.2549999952316284,0.9399999976158142,0.22200000286102295,0.19599999487400055,0.35499998927116394
2025-03-27 00:00:00+08:00,23.689525604248047,13.35815715789795,10.085511207580566,5.739999771118164,1.1481987237930298,10.380905151367188,5.166867256164551,1.6100000143051147,3.2799999713897705,0.4650000035762787,0.9599999785423279,1.4554072618484497,0.5600000023841858,0.4050000011920929,1.090000033378601,0.2549999952316284,0.9200000166893005,0.21199999749660492,0.1940000057220459,0.35499998927116394
2025-03-28 00:00:00+08:00,23.50552749633789,13.301555633544922,10.144376754760742,5.71999979019165,1.2070807218551636,10.361574172973633,5.186218738555908,1.600000023841858,3.2300000190734863,0.47999998927116394,0.9399999976158142,1.4457045793533325,0.550000011920929,0.38499999046325684,1.0800000429153442,0.25,0.9100000262260437,0.20499999821186066,0.1899999976158142,0.3499999940395355
2025-03-31 00:00:00+08:00,23.735523223876953,13.11288070678711,9.624403953552246,5.539999961853027,1.2365217208862305,10.632211685180664,5.118488311767578,1.5499999523162842,3.0899999141693115,0.47999998927116394,0.9399999976158142,1.4068937301635742,0.5400000214576721,0.375,1.0399999618530273,0.24500000476837158,0.8799999952316284,0.21400000154972076,0.1809999942779541,0.3499999940395355
2025-04-01 00:00:00+08:00,23.82752227783203,12.527989387512207,9.644025802612305,5.519999980926514,1.2267080545425415,10.960844039916992,4.789511680603027,1.5199999809265137,3.0999999046325684,0.4650000035762787,0.9300000071525574,1.4165964126586914,0.5,0.375,1.0800000429153442,0.24699999392032623,0.8500000238418579,0.20000000298023224,0.1770000010728836,0.33500000834465027
2025-04-02 00:00:00+08:00,23.781524658203125,12.66006088256836,9.810809135437012,5.559999942779541,1.2267080545425415,10.554886817932129,4.789511680603027,1.4900000095367432,3.0899999141693115,0.44999998807907104,0.9300000071525574,1.4262992143630981,0.4950000047683716,0.375,1.0299999713897705,0.25,0.8399999737739563,0.210999995470047,0.17399999499320984,0.3400000035762787
2025-04-03 00:00:00+08:00,24.195514678955078,12.81100082397461,9.967782020568848,5.769999980926514,1.2168943881988525,10.7095365524292,4.847566604614258,1.5399999618530273,3.0999999046325684,0.4449999928474426,0.9100000262260437,1.4554072618484497,0.49000000953674316,0.375,1.0199999809265137,0.25,0.8399999737739563,0.20999999344348907,0.17599999904632568,0.3499999940395355
2025-04-07 00:00:00+08:00,21.895559310913086,11.829894065856934,9.016133308410645,5.150000095367432,1.0304347276687622,9.25002384185791,4.344425678253174,1.2899999618530273,2.7799999713897705,0.3799999952316284,0.7599999904632568,1.3001638650894165,0.41499999165534973,0.3149999976158142,0.8899999856948853,0.20200000703334808,0.7200000286102295,0.17499999701976776,0.14499999582767487,0.2800000011920929
2025-04-08 00:00:00+08:00,22.12555694580078,11.829894065856934,9.10443115234375,5.25,1.0795031785964966,9.39500904083252,4.334750175476074,1.350000023841858,2.799999952316284,0.39500001072883606,0.7900000214576721,1.3389747142791748,0.42500001192092896,0.3100000023841858,0.9200000166893005,0.20999999344348907,0.699999988079071,0.1770000010728836,0.14300000667572021,0.28999999165534973
2025-04-09 00:00:00+08:00,22.861541748046875,12.358182907104492,9.634214401245117,5.489999771118164,1.1678261756896973,9.684978485107422,4.547616958618164,1.5199999809265137,2.890000104904175,0.41999998688697815,0.8299999833106995,1.377785563468933,0.44999998807907104,0.3149999976158142,0.9700000286102295,0.2290000021457672,0.7699999809265137,0.18299999833106995,0.15299999713897705,0.3050000071525574
2025-04-10 00:00:00+08:00,23.551528930664062,12.754399299621582,9.987403869628906,5.639999866485596,1.1776398420333862,9.858960151672363,4.625023365020752,1.5700000524520874,2.9800000190734863,0.4300000071525574,0.8399999737739563,1.3680827617645264,0.46000000834465027,0.3100000023841858,1.0099999904632568,0.22699999809265137,0.7799999713897705,0.18199999630451202,0.15700000524520874,0.3050000071525574
2025-04-11 00:00:00+08:00,24.655506134033203,12.829869270324707,9.869674682617188,5.78000020980835,1.1874533891677856,10.148929595947266,4.576644420623779,1.5700000524520874,2.9800000190734863,0.4399999976158142,0.8600000143051147,1.3680827617645264,0.4749999940395355,0.3149999976158142,1.0099999904632568,0.2290000021457672,0.7900000214576721,0.17900000512599945,0.15600000321865082,0.3050000071525574
2025-04-14 00:00:00+08:00,24.42551040649414,12.980809211730957,10.026646614074707,5.760000228881836,1.1678261756896973,10.129597663879395,4.663726806640625,1.5199999809265137,3.0,0.4350000023841858,0.8600000143051147,1.3874882459640503,0.47999998927116394,0.3149999976158142,1.0399999618530273,0.23899999260902405,0.7900000214576721,0.17499999701976776,0.1589999943971634,0.3149999976158142
2025-04-15 00:00:00+08:00,24.195514678955078,12.943074226379395,9.800997734069824,5.590000152587891,1.1580123901367188,9.723641395568848,4.6056718826293945,1.4199999570846558,2.950000047683716,0.41999998688697815,0.8500000238418579,1.377785563468933,0.45500001311302185,0.3100000023841858,1.0099999904632568,0.2290000021457672,0.7599999904632568,0.1679999977350235,0.15399999916553497,0.3100000023841858
2025-04-16 00:00:00+08:00,24.655506134033203,13.188350677490234,9.987403869628906,5.619999885559082,1.1481987237930298,9.897622108459473,4.615347385406494,1.5,2.9000000953674316,0.41499999165534973,0.8600000143051147,1.377785563468933,0.45500001311302185,0.3100000023841858,1.0199999809265137,0.2240000069141388,0.7599999904632568,0.16500000655651093,0.15600000321865082,0.3100000023841858
2025-04-17 00:00:00+08:00,25.161497116088867,13.56570053100586,10.438701629638672,5.900000095367432,1.1874533891677856,10.264917373657227,4.90562105178833,1.5800000429153442,3.009999990463257,0.4350000023841858,0.8899999856948853,1.397191047668457,0.4749999940395355,0.3149999976158142,1.0499999523162842,0.23600000143051147,0.8299999833106995,0.17100000381469727,0.1679999977350235,0.33500000834465027
2025-04-22 00:00:00+08:00,25.207494735717773,13.773241996765137,10.634918212890625,5.829999923706055,1.1972670555114746,10.400236129760742,4.9249725341796875,1.600000023841858,3.0,0.4350000023841858,0.8799999952316284,1.4165964126586914,0.4749999940395355,0.33000001311302185,1.059999942779541,0.23800000548362732,0.8399999737739563,0.1720000058412552,0.16599999368190765,0.33000001311302185
2025-04-23 00:00:00+08:00,24.839500427246094,13.546832084655762,10.67416000366211,5.789999961853027,1.1481987237930298,10.07160472869873,4.808863162994385,1.5800000429153442,2.950000047683716,0.4399999976158142,0.8899999856948853,1.4165964126586914,0.4650000035762787,0.3149999976158142,1.0399999618530273,0.2370000034570694,0.8299999833106995,0.17100000381469727,0.17100000381469727,0.33500000834465027
2025-04-24 00:00:00+08:00,24.793502807617188,13.546832084655762,10.477944374084473,5.880000114440918,1.1678261756896973,10.129597663879395,4.837890625,1.659999966621399,2.930000066757202,0.4350000023841858,0.8799999952316284,1.4068937301635742,0.47999998927116394,0.33000001311302185,1.090000033378601,0.2409999966621399,0.8500000238418579,0.1720000058412552,0.17399999499320984,0.33000001311302185
2025-04-25 00:00:00+08:00,24.931499481201172,13.5090970993042,10.419078826904297,5.71999979019165,1.1678261756896973,10.013609886169434,4.750808238983154,1.5499999523162842,3.0,0.4399999976158142,0.8799999952316284,1.4360018968582153,0.48500001430511475,0.3400000035762787,1.0800000429153442,0.24300000071525574,0.8399999737739563,0.18199999630451202,0.18000000715255737,0.3499999940395355
2025-04-28 00:00:00+08:00,24.333513259887695,13.188350677490234,10.28172779083252,5.46999979019165,1.1383850574493408,9.742972373962402,4.547616958618164,1.5099999904632568,2.880000114440918,0.42500001192092896,0.8500000238418579,1.4165964126586914,0.4650000035762787,0.32499998807907104,1.0299999713897705,0.2329999953508377,0.8299999833106995,0.17800000309944153,0.18000000715255737,0.33500000834465027
2025-04-29 00:00:00+08:00,24.011518478393555,13.11288070678711,10.105134010314941,5.440000057220459,1.118757724761963,9.704309463500977,4.508913993835449,1.5,2.890000104904175,0.4300000071525574,0.8399999737739563,1.4068937301635742,0.4650000035762787,0.3199999928474426,1.0099999904632568,0.2290000021457672,0.8199999928474426,0.17800000309944153,0.18000000715255737,0.33000001311302185
2025-04-30 00:00:00+08:00,24.149517059326172,13.037410736083984,10.242485046386719,5.349999904632568,1.1285713911056519,9.588321685791016,4.547616958618164,1.5,2.9100000858306885,0.41999998688697815,0.8500000238418579,1.4262992143630981,0.45500001311302185,0.3449999988079071,1.0299999713897705,0.2240000069141388,0.8100000023841858,0.1809999942779541,0.17299999296665192,0.32499998807907104
2025-05-02 00:00:00+08:00,24.333513259887695,13.094014167785645,10.301349639892578,5.400000095367432,1.118757724761963,9.781634330749512,4.576644420623779,1.5,2.950000047683716,0.42500001192092896,0.8500000238418579,1.4262992143630981,0.4699999988079071,0.3499999940395355,1.0399999618530273,0.2280000001192093,0.8299999833106995,0.16099999845027924,0.18000000715255737,0.32499998807907104
2025-05-06 00:00:00+08:00,24.287513732910156,12.886470794677734,10.203241348266602,5.380000114440918,1.108944058418274,9.462668418884277,4.586319923400879,1.4800000190734863,2.990000009536743,0.42500001192092896,0.8299999833106995,1.4360018968582153,0.46000000834465027,0.3449999988079071,1.0099999904632568,0.22599999606609344,0.8199999928474426,0.14800000190734863,0.18000000715255737,0.32499998807907104
2025-05-07 00:00:00+08:00,24.3795108795166,12.735530853271484,10.203241348266602,5.380000114440918,1.099130392074585,9.472334861755371,4.615347385406494,1.5,2.9600000381469727,0.42500001192092896,0.8600000143051147,1.4457045793533325,0.4699999988079071,0.3499999940395355,1.0099999904632568,0.2240000069141388,0.8399999737739563,0.1469999998807907,0.17499999701976776,0.3400000035762787
2025-05-08 00:00:00+08:00,24.149517059326172,12.716663360595703,10.007024765014648,5.329999923706055,1.089316725730896,9.337015151977539,4.595995903015137,1.4600000381469727,2.940000057220459,0.41999998688697815,0.8399999737739563,1.4262992143630981,0.46000000834465027,0.36000001430511475,0.9900000095367432,0.20100000500679016,0.8100000023841858,0.14000000059604645,0.18199999630451202,0.33500000834465027
2025-05-09 00:00:00+08:00,23.459529876708984,12.433652877807617,9.83043098449707,5.239999771118164,1.0696895122528076,9.018048286437988,4.518589973449707,1.440000057220459,2.930000066757202,0.41499999165534973,0.8199999928474426,1.4165964126586914,0.4449999928474426,0.3499999940395355,0.9700000286102295,0.20000000298023224,0.8100000023841858,0.13899999856948853,0.17599999904632568,0.33000001311302185
2025-05-12 00:00:00+08:00,24.149517059326172,12.848735809326172,10.301349639892578,5.489999771118164,1.099130392074585,9.269355773925781,4.595995903015137,1.4800000190734863,2.9800000190734863,0.4350000023841858,0.8399999737739563,1.4457045793533325,0.4749999940395355,0.35499998927116394,1.0,0.21299999952316284,0.8299999833106995,0.14300000667572021,0.1770000010728836,0.33500000834465027
2025-05-13 00:00:00+08:00,24.149517059326172,12.848735809326172,10.379836082458496,5.489999771118164,1.0795031785964966,9.375677108764648,4.557292938232422,1.4700000286102295,2.950000047683716,0.42500001192092896,0.8600000143051147,1.4457045793533325,0.4699999988079071,0.3449999988079071,1.0,0.20900000631809235,0.8100000023841858,0.1379999965429306,0.1720000058412552,0.32499998807907104
2025-05-14 00:00:00+08:00,24.42551040649414,12.924205780029297,10.419078826904297,5.519999980926514,1.099130392074585,9.39500904083252,4.547616958618164,1.4500000476837158,2.9800000190734863,0.41499999165534973,0.8600000143051147,1.4554072618484497,0.4749999940395355,0.3400000035762787,0.9900000095367432,0.2160000056028366,0.8199999928474426,0.13500000536441803,0.17299999296665192,0.33000001311302185
2025-05-15 00:00:00+08:00,23.689525604248047,12.716663360595703,10.046268463134766,5.420000076293945,1.108944058418274,9.4530029296875,4.450859069824219,1.4199999570846558,2.9000000953674316,0.4099999964237213,0.8500000238418579,1.4262992143630981,0.4650000035762787,0.32499998807907104,0.9700000286102295,0.210999995470047,0.8100000023841858,0.1289999932050705,0.17399999499320984,0.32499998807907104
2025-05-16 00:00:00+08:00,23.27553367614746,12.67892837524414,9.928539276123047,5.320000171661377,1.099130392074585,9.443337440490723,4.450859069824219,1.399999976158142,2.930000066757202,0.4000000059604645,0.8500000238418579,1.4165964126586914,0.44999998807907104,0.33500000834465027,0.9700000286102295,0.20800000429153442,0.8100000023841858,0.12099999934434891,0.17299999296665192,0.3199999928474426
2025-05-19 00:00:00+08:00,22.953540802001953,12.490254402160645,9.908918380737305,5.289999961853027,1.0598758459091187,9.317684173583984,4.421832084655762,1.409999966621399,2.950000047683716,0.39500001072883606,0.8399999737739563,1.4262992143630981,0.4399999976158142,0.3400000035762787,0.9599999785423279,0.2070000022649765,0.7900000214576721,0.10999999940395355,0.1599999964237213,0.3199999928474426
2025-05-20 00:00:00+08:00,22.953540802001953,12.603458404541016,9.908918380737305,5.269999980926514,1.0500621795654297,9.201696395874023,4.3637776374816895,1.3899999856948853,2.940000057220459,0.38999998569488525,0.8600000143051147,1.4262992143630981,0.4399999976158142,0.3400000035762787,0.9399999976158142,0.20399999618530273,0.7599999904632568,0.10899999737739563,0.16099999845027924,0.3149999976158142
2025-05-21 00:00:00+08:00,23.459529876708984,12.546856880187988,9.928539276123047,5.199999809265137,1.0598758459091187,9.163033485412598,4.3637776374816895,1.399999976158142,2.940000057220459,0.39500001072883606,0.8700000047683716,1.4360018968582153,0.4449999928474426,0.3449999988079071,0.9399999976158142,0.20800000429153442,0.7699999809265137,0.11500000208616257,0.1599999964237213,0.3149999976158142
2025-05-22 00:00:00+08:00,23.413532257080078,12.41478443145752,9.70289134979248,5.070000171661377,1.0206210613250732,9.047045707702637,4.325074195861816,1.3899999856948853,2.9100000858306885,0.38999998569488525,0.8500000238418579,1.4165964126586914,0.4350000023841858,0.3149999976158142,0.9200000166893005,0.20600000023841858,0.7599999904632568,0.1120000034570694,0.1599999964237213,0.3100000023841858
2025-05-23 00:00:00+08:00,23.27553367614746,12.32044792175293,9.663647651672363,5.03000020980835,1.0206210613250732,8.921391487121582,4.208964824676514,1.3700000047683716,2.890000104904175,0.38999998569488525,0.8299999833106995,1.397191047668457,0.4300000071525574,0.3149999976158142,0.9200000166893005,0.21199999749660492,0.7599999904632568,0.11599999666213989,0.15800000727176666,0.3100000023841858
2025-05-26 00:00:00+08:00,23.137535095214844,12.282712936401367,9.673457145690918,5.019999980926514,1.0206210613250732,8.863398551940918,4.160585880279541,1.3799999952316284,2.9100000858306885,0.38999998569488525,0.8199999928474426,1.377785563468933,0.4350000023841858,0.3100000023841858,0.9300000071525574,0.2150000035762787,0.7699999809265137,0.11699999868869781,0.15700000524520874,0.3100000023841858
2025-05-27 00:00:00+08:00,23.229534149169922,12.244977951049805,9.644025802612305,5.050000190734863,1.0108073949813843,8.815070152282715,4.160585880279541,1.3799999952316284,2.9000000953674316,0.38499999046325684,0.8399999737739563,1.3874882459640503,0.4399999976158142,0.3149999976158142,0.9300000071525574,0.22499999403953552,0.7599999904632568,0.11599999666213989,0.1589999943971634,0.3100000023841858
2025-05-28 00:00:00+08:00,23.183536529541016,12.32044792175293,9.604782104492188,5.079999923706055,1.0108073949813843,8.921391487121582,4.228316307067871,1.3600000143051147,2.9000000953674316,0.38499999046325684,0.8299999833106995,1.3874882459640503,0.4350000023841858,0.30000001192092896,0.9300000071525574,0.22100000083446503,0.75,0.11100000143051147,0.15800000727176666,0.30000001192092896
2025-05-29 00:00:00+08:00,23.413532257080078,12.433652877807617,9.722512245178223,5.159999847412109,1.0304347276687622,9.201696395874023,4.276695251464844,1.3799999952316284,2.950000047683716,0.38999998569488525,0.8700000047683716,1.4068937301635742,0.4449999928474426,0.3100000023841858,0.949999988079071,0.23499999940395355,0.75,0.1080000028014183,0.15399999916553497,0.3100000023841858
2025-05-30 00:00:00+08:00,23.551528930664062,12.452519416809082,9.644025802612305,5.130000114440918,1.0500621795654297,9.201696395874023,4.2476677894592285,1.3899999856948853,3.0399999618530273,0.38499999046325684,0.8600000143051147,1.3874882459640503,0.4300000071525574,0.3100000023841858,0.9800000190734863,0.24500000476837158,0.75,0.10400000214576721,0.15199999511241913,0.3100000023841858
2025-06-02 00:00:00+08:00,23.045536041259766,12.188375473022461,9.153484344482422,4.880000114440918,1.0108073949813843,9.027714729309082,4.179937839508057,1.3600000143051147,2.9700000286102295,0.38499999046325684,0.8299999833106995,1.348677396774292,0.4099999964237213,0.3100000023841858,0.9399999976158142,0.23499999940395355,0.7300000190734863,0.10300000011920929,0.15000000596046448,0.30000001192092896
2025-06-03 00:00:00+08:00,23.27553367614746,12.301579475402832,9.222160339355469,4.929999828338623,1.0206210613250732,8.989051818847656,4.131558418273926,1.350000023841858,3.059999942779541,0.3799999952316284,0.8500000238418579,1.3583801984786987,0.4050000011920929,0.3100000023841858,0.9700000286102295,0.24199999868869781,0.7300000190734863,0.10199999809265137,0.15199999511241913,0.3100000023841858
2025-06-04 00:00:00+08:00,23.27553367614746,12.26384449005127,9.418376922607422,4.960000038146973,1.0402483940124512,8.99871826171875,4.160585880279541,1.3799999952316284,3.130000114440918,0.39500001072883606,0.8600000143051147,1.377785563468933,0.4050000011920929,0.3100000023841858,0.9800000190734863,0.25999999046325684,0.7200000286102295,0.10300000011920929,0.1550000011920929,0.3149999976158142
2025-06-05 00:00:00+08:00,24.103517532348633,12.47138786315918,9.506673812866211,4.96999979019165,1.0598758459091187,8.979386329650879,4.2186408042907715,1.399999976158142,3.25,0.38999998569488525,0.8700000047683716,1.377785563468933,0.4099999964237213,0.3149999976158142,0.9800000190734863,0.2549999952316284,0.7300000190734863,0.10000000149011612,0.1589999943971634,0.3149999976158142
2025-06-06 00:00:00+08:00,24.011518478393555,12.395917892456055,9.290836334228516,4.96999979019165,1.0500621795654297,9.09537410736084,4.160585880279541,1.409999966621399,3.2799999713897705,0.38999998569488525,0.8700000047683716,1.377785563468933,0.4050000011920929,0.3149999976158142,0.9800000190734863,0.23999999463558197,0.7300000190734863,0.0989999994635582,0.15299999713897705,0.3100000023841858
2025-06-09 00:00:00+08:00,24.51750946044922,12.56572437286377,9.398755073547363,5.050000190734863,1.0402483940124512,9.085707664489746,4.189613342285156,1.399999976158142,3.140000104904175,0.38499999046325684,0.8600000143051147,1.3874882459640503,0.4050000011920929,0.3149999976158142,0.9800000190734863,0.2370000034570694,0.7300000190734863,0.09600000083446503,0.15000000596046448,0.3050000071525574
2025-06-10 00:00:00+08:00,24.655506134033203,12.773265838623047,9.624403953552246,5.059999942779541,1.0795031785964966,9.298352241516113,4.2476677894592285,1.440000057220459,3.240000009536743,0.38499999046325684,0.8799999952316284,1.3874882459640503,0.4000000059604645,0.32499998807907104,1.0099999904632568,0.24300000071525574,0.7400000095367432,0.10000000149011612,0.15000000596046448,0.3199999928474426
2025-06-11 00:00:00+08:00,24.885499954223633,12.905339241027832,9.761754989624023,5.099999904632568,1.118757724761963,9.4530029296875,4.257343769073486,1.4500000476837158,3.2699999809265137,0.38999998569488525,0.8899999856948853,1.4068937301635742,0.41999998688697815,0.33000001311302185,1.0,0.2460000067949295,0.7699999809265137,0.1120000034570694,0.15299999713897705,0.33000001311302185
2025-06-12 00:00:00+08:00,25.628337860107422,12.96194076538086,9.614592552185059,5.050000190734863,1.108944058418274,9.404674530029297,4.2186408042907715,1.4500000476837158,3.380000114440918,0.38499999046325684,0.8600000143051147,1.4165964126586914,0.41499999165534973,0.32499998807907104,1.0099999904632568,0.24300000071525574,0.7599999904632568,0.10999999940395355,0.15299999713897705,0.3199999928474426
2025-06-13 00:00:00+08:00,26.061899185180664,13.11288070678711,9.5557279586792,4.940000057220459,1.099130392074585,9.684978485107422,4.315398216247559,1.409999966621399,3.3299999237060547,0.3799999952316284,0.8299999833106995,1.4077365398406982,0.4099999964237213,0.3100000023841858,0.9800000190734863,0.23499999940395355,0.7300000190734863,0.10400000214576721,0.15199999511241913,0.3199999928474426
2025-06-16 00:00:00+08:00,27.07354736328125,13.207218170166016,9.761754989624023,5.090000152587891,1.1481987237930298,9.916954040527344,4.3637776374816895,1.5,3.309999942779541,0.38999998569488525,0.8399999737739563,1.4372695684432983,0.4399999976158142,0.32499998807907104,1.0,0.24300000071525574,0.7799999713897705,0.10999999940395355,0.15600000321865082,0.32499998807907104
2025-06-17 00:00:00+08:00,27.12171745300293,13.075145721435547,9.712700843811035,5.039999961853027,1.1481987237930298,9.646315574645996,4.334750175476074,1.4700000286102295,3.25,0.38999998569488525,0.8100000023841858,1.4569581747055054,0.41999998688697815,0.3149999976158142,0.9599999785423279,0.23499999940395355,0.7599999904632568,0.10199999809265137,0.15199999511241913,0.3149999976158142
2025-06-18 00:00:00+08:00,26.158246994018555,12.792134284973145,9.418376922607422,4.920000076293945,1.108944058418274,9.269355773925781,4.208964824676514,1.440000057220459,3.140000104904175,0.38499999046325684,0.800000011920929,1.4274252653121948,0.4050000011920929,0.3050000071525574,0.9200000166893005,0.23000000417232513,0.7400000095367432,0.09799999743700027,0.14900000393390656,0.3199999928474426
2025-06-19 00:00:00+08:00,25.724685668945312,12.452519416809082,9.114241600036621,4.71999979019165,1.0795031785964966,8.969719886779785,4.092855453491211,1.399999976158142,3.0899999141693115,0.3799999952316284,0.7900000214576721,1.3880479335784912,0.39500001072883606,0.29499998688697815,0.9100000262260437,0.23000000417232513,0.7300000190734863,0.09700000286102295,0.1459999978542328,0.3100000023841858
2025-06-20 00:00:00+08:00,25.628337860107422,12.641193389892578,9.025943756103516,4.690000057220459,1.0795031785964966,9.076043128967285,4.034801006317139,1.4500000476837158,3.119999885559082,0.38499999046325684,0.8100000023841858,1.3880479335784912,0.3799999952316284,0.2800000011920929,0.9599999785423279,0.23399999737739563,0.7300000190734863,0.09600000083446503,0.14900000393390656,0.3100000023841858
2025-06-23 00:00:00+08:00,25.86920738220215,12.584590911865234,9.14367389678955,4.71999979019165,1.0795031785964966,9.259690284729004,4.063827991485596,1.440000057220459,3.119999885559082,0.3799999952316284,0.800000011920929,1.3782036304473877,0.38499999046325684,0.2750000059604645,0.9399999976158142,0.23399999737739563,0.7200000286102295,0.09200000017881393,0.14900000393390656,0.3050000071525574
2025-06-24 00:00:00+08:00,25.86920738220215,12.792134284973145,9.192728042602539,4.800000190734863,1.118757724761963,9.482000350952148,4.141234397888184,1.4600000381469727,3.119999885559082,0.3799999952316284,0.8199999928474426,1.4077365398406982,0.4050000011920929,0.28999999165534973,0.949999988079071,0.24799999594688416,0.7400000095367432,0.09099999815225601,0.15000000596046448,0.3100000023841858
2025-06-25 00:00:00+08:00,26.543636322021484,13.244953155517578,9.477241516113281,4.980000019073486,1.1678261756896973,9.890000343322754,4.2186408042907715,1.5,3.2799999713897705,0.38499999046325684,0.8399999737739563,1.4471138715744019,0.4300000071525574,0.3100000023841858,0.9900000095367432,0.2549999952316284,0.7699999809265137,0.0949999988079071,0.15299999713897705,0.3199999928474426
2025-06-26 00:00:00+08:00,26.39911651611328,13.41476058959961,9.506673812866211,5.010000228881836,1.1580123901367188,9.9399995803833,4.2476677894592285,1.4500000476837158,3.25,0.3799999952316284,0.8399999737739563,1.4569581747055054,0.42500001192092896,0.3050000071525574,0.9800000190734863,0.25999999046325684,0.75,0.09200000017881393,0.15299999713897705,0.3149999976158142
2025-06-27 00:00:00+08:00,25.724685668945312,13.1834716796875,9.349700927734375,4.940000057220459,1.1776398420333862,9.6899995803833,4.237992286682129,1.440000057220459,3.25,0.38499999046325684,0.8500000238418579,1.5061795711517334,0.41999998688697815,0.3050000071525574,0.949999988079071,0.2549999952316284,0.75,0.09200000017881393,0.15299999713897705,0.3149999976158142
2025-06-30 00:00:00+08:00,25.628337860107422,13.125649452209473,9.084809303283691,4.889999866485596,1.1678261756896973,9.449999809265137,4.160585880279541,1.4299999475479126,3.319999933242798,0.3799999952316284,0.8600000143051147,1.4864909648895264,0.41499999165534973,0.29499998688697815,0.949999988079071,0.25,0.7400000095367432,0.08799999952316284,0.1550000011920929,0.3050000071525574
2025-07-02 00:00:00+08:00,25.82103157043457,13.299116134643555,9.43799877166748,5.110000133514404,1.2070807218551636,9.529999732971191,4.344425678253174,1.5,3.3399999141693115,0.3799999952316284,0.9100000262260437,1.5258681774139404,0.41999998688697815,0.29499998688697815,1.0199999809265137,0.25999999046325684,0.7599999904632568,0.0860000029206276,0.15199999511241913,0.3149999976158142
2025-07-03 00:00:00+08:00,26.254594802856445,13.202744483947754,9.418376922607422,5.119999885559082,1.2168943881988525,9.520000457763672,4.334750175476074,1.4900000095367432,3.3499999046325684,0.3799999952316284,0.8899999856948853,1.535712480545044,0.4350000023841858,0.3050000071525574,0.9900000095367432,0.26499998569488525,0.7599999904632568,0.08699999749660492,0.1550000011920929,0.3100000023841858
2025-07-04 00:00:00+08:00,26.543636322021484,12.894359588623047,9.359511375427246,5.090000152587891,1.1874533891677856,9.479999542236328,4.286370754241943,1.5299999713897705,3.2899999618530273,0.3799999952316284,0.9100000262260437,1.5258681774139404,0.42500001192092896,0.3050000071525574,0.9800000190734863,0.26499998569488525,0.7599999904632568,0.08699999749660492,0.1550000011920929,0.3100000023841858
2025-07-07 00:00:00+08:00,27.458934783935547,12.952181816101074,9.477241516113281,5.179999828338623,1.2168943881988525,9.770000457763672,4.315398216247559,1.600000023841858,3.3399999141693115,0.38499999046325684,0.9100000262260437,1.5258681774139404,0.4300000071525574,0.3100000023841858,0.9900000095367432,0.26499998569488525,0.7799999713897705,0.08699999749660492,0.15399999916553497,0.3100000023841858
2025-07-08 00:00:00+08:00,27.21806526184082,12.913633346557617,9.516485214233398,5.159999847412109,1.2365217208862305,9.869999885559082,4.305722236633301,1.590000033378601,3.390000104904175,0.3799999952316284,0.9100000262260437,1.535712480545044,0.4350000023841858,0.3100000023841858,0.9900000095367432,0.26499998569488525,0.7699999809265137,0.09000000357627869,0.15800000727176666,0.3050000071525574
2025-07-09 00:00:00+08:00,27.651628494262695,12.87508487701416,9.604782104492188,5.099999904632568,1.2267080545425415,9.8100004196167,4.344425678253174,1.5700000524520874,3.359999895095825,0.38999998569488525,0.9100000262260437,1.516023874282837,0.4300000071525574,0.3050000071525574,0.9700000286102295,0.26499998569488525,0.7599999904632568,0.09200000017881393,0.1509999930858612,0.3050000071525574
2025-07-10 00:00:00+08:00,29.00048828125,13.47258186340332,10.28172779083252,5.389999866485596,1.3150310516357422,10.460000038146973,4.673402309417725,1.7799999713897705,3.490000009536743,0.4099999964237213,1.100000023841858,1.584934115409851,0.49000000953674316,0.36500000953674316,1.0800000429153442,0.30000001192092896,0.8399999737739563,0.11699999868869781,0.17499999701976776,0.33500000834465027
2025-07-11 00:00:00+08:00,28.37423324584961,13.260567665100098,10.22286319732666,5.329999923706055,1.3052173852920532,10.140000343322754,4.644375324249268,1.7300000190734863,3.5,0.4099999964237213,1.100000023841858,1.5750898122787476,0.47999998927116394,0.3400000035762787,1.1200000047683716,0.2849999964237213,0.8100000023841858,0.11500000208616257,0.16899999976158142,0.33500000834465027
2025-07-14 00:00:00+08:00,28.422405242919922,13.164196968078613,10.242485046386719,5.320000171661377,1.354285717010498,10.220000267028809,4.721781253814697,1.7400000095367432,3.7200000286102295,0.42500001192092896,1.1100000143051147,1.5750898122787476,0.5099999904632568,0.35499998927116394,1.1200000047683716,0.30000001192092896,0.8600000143051147,0.11599999666213989,0.17299999296665192,0.35499998927116394
2025-07-15 00:00:00+08:00,27.98884391784668,13.125649452209473,9.987403869628906,5.210000038146973,1.3052173852920532,10.039999961853027,4.6056718826293945,1.6699999570846558,3.869999885559082,0.41999998688697815,1.1299999952316284,1.5258681774139404,0.47999998927116394,0.36500000953674316,1.0800000429153442,0.30000001192092896,0.8199999928474426,0.1080000028014183,0.17299999296665192,0.3400000035762787
2025-07-16 00:00:00+08:00,27.4107608795166,12.913633346557617,9.83043098449707,5.230000019073486,1.2855900526046753,9.880000114440918,4.518589973449707,1.659999966621399,3.859999895095825,0.4300000071525574,1.1100000143051147,1.5258681774139404,0.4699999988079071,0.375,1.0700000524520874,0.2849999964237213,0.8199999928474426,0.10400000214576721,0.1679999977350235,0.3449999988079071
2025-07-17 00:00:00+08:00,27.21806526184082,12.778716087341309,9.761754989624023,5.139999866485596,1.2659627199172974,9.84000015258789,4.518589973449707,1.6100000143051147,3.7799999713897705,0.4449999928474426,1.059999942779541,1.516023874282837,0.46000000834465027,0.36000001430511475,1.0499999523162842,0.2750000059604645,0.8199999928474426,0.10300000011920929,0.16899999976158142,0.3449999988079071
2025-07-18 00:00:00+08:00,27.31441307067871,12.913633346557617,9.850052833557129,5.170000076293945,1.2561490535736084,9.869999885559082,4.460535049438477,1.6299999952316284,3.75,0.4449999928474426,1.0399999618530273,1.5258681774139404,0.4650000035762787,0.36500000953674316,1.0499999523162842,0.2750000059604645,0.8299999833106995,0.10599999874830246,0.16899999976158142,0.3449999988079071
2025-07-21 00:00:00+08:00,27.79615020751953,13.318388938903809,9.908918380737305,5.210000038146973,1.354285717010498,10.079999923706055,4.528265476226807,1.6299999952316284,3.75,0.45500001311302185,0.9900000095367432,1.5554012060165405,0.4650000035762787,0.36000001430511475,0.9700000286102295,0.2849999964237213,0.8299999833106995,0.11100000143051147,0.16599999368190765,0.3499999940395355
2025-07-22 00:00:00+08:00,28.133365631103516,13.47258186340332,10.046268463134766,5.289999961853027,1.383726716041565,10.319999694824219,4.625023365020752,1.6399999856948853,3.859999895095825,0.46000000834465027,0.9700000286102295,1.5750898122787476,0.4650000035762787,0.36000001430511475,0.9399999976158142,0.28999999165534973,0.8399999737739563,0.10700000077486038,0.16699999570846558,0.3449999988079071
2025-07-23 00:00:00+08:00,28.518753051757812,13.549678802490234,10.28172779083252,5.409999847412109,1.383726716041565,10.5,4.615347385406494,1.6699999570846558,3.940000057220459,0.4650000035762787,0.9800000190734863,1.604622721672058,0.4749999940395355,0.36500000953674316,0.9200000166893005,0.2849999964237213,0.8399999737739563,0.1080000028014183,0.17000000178813934,0.35499998927116394
2025-07-24 00:00:00+08:00,28.518753051757812,13.742420196533203,10.399457931518555,5.570000171661377,1.4229813814163208,10.640000343322754,4.731456756591797,1.7300000190734863,3.9700000286102295,0.5,1.0199999809265137,1.6341556310653687,0.5199999809265137,0.38499999046325684,0.949999988079071,0.30000001192092896,0.8799999952316284,0.11100000143051147,0.17399999499320984,0.3700000047683716
2025-07-25 00:00:00+08:00,28.855968475341797,13.877338409423828,10.301349639892578,5.5,1.4524223804473877,10.779999732971191,4.7121052742004395,1.7000000476837158,3.950000047683716,0.5099999904632568,1.0099999904632568,1.6341556310653687,0.5099999904632568,0.38499999046325684,0.949999988079071,0.29499998688697815,0.8700000047683716,0.10999999940395355,0.1720000058412552,0.3700000047683716
2025-07-28 00:00:00+08:00,29.09683609008789,13.877338409423828,10.301349639892578,5.480000019073486,1.4426087141036987,10.699999809265137,4.731456756591797,1.7100000381469727,3.9800000190734863,0.5299999713897705,1.0,1.604622721672058,0.5199999809265137,0.38499999046325684,0.949999988079071,0.28999999165534973,0.8500000238418579,0.11599999666213989,0.17800000309944153,0.3700000047683716
2025-07-29 00:00:00+08:00,29.048662185668945,13.877338409423828,10.419078826904297,5.550000190734863,1.4622360467910767,10.680000305175781,4.7121052742004395,1.7400000095367432,3.930000066757202,0.550000011920929,1.0299999713897705,1.5947784185409546,0.5199999809265137,0.38999998569488525,0.9599999785423279,0.29499998688697815,0.8500000238418579,0.13500000536441803,0.17299999296665192,0.3700000047683716
2025-07-30 00:00:00+08:00,28.855968475341797,13.68459701538086,10.242485046386719,5.389999866485596,1.4426087141036987,10.460000038146973,4.654050827026367,1.649999976158142,3.8299999237060547,0.5099999904632568,0.9900000095367432,1.5947784185409546,0.5,0.38499999046325684,0.9300000071525574,0.2750000059604645,0.8299999833106995,0.125,0.17000000178813934,0.35499998927116394
2025-07-31 00:00:00+08:00,27.79615020751953,13.106375694274902,9.604782104492188,4.989999771118164,1.4033539295196533,9.869999885559082,4.470210552215576,1.559999942779541,3.7799999713897705,0.4699999988079071,0.9399999976158142,1.5258681774139404,0.4749999940395355,0.36000001430511475,0.8999999761581421,0.26499998569488525,0.7799999713897705,0.12300000339746475,0.16500000655651093,0.3449999988079071
2025-08-01 00:00:00+08:00,27.555282592773438,13.010004043579102,9.428186416625977,4.900000095367432,1.521117925643921,9.9399995803833,4.402480602264404,1.5399999618530273,3.6700000762939453,0.4650000035762787,0.9200000166893005,1.5061795711517334,0.4699999988079071,0.35499998927116394,0.8899999856948853,0.2549999952316284,0.7799999713897705,0.12600000202655792,0.17100000381469727,0.3400000035762787
2025-08-04 00:00:00+08:00,27.805784225463867,13.029278755187988,9.634214401245117,4.909999847412109,1.4327950477600098,9.989999771118164,4.412156105041504,1.5499999523162842,3.619999885559082,0.4699999988079071,0.9200000166893005,1.5061795711517334,0.46000000834465027,0.3400000035762787,0.8899999856948853,0.25,0.7400000095367432,0.11400000005960464,0.16200000047683716,0.3400000035762787
2025-08-05 00:00:00+08:00,27.902130126953125,12.923271179199219,9.70289134979248,4.949999809265137,1.4229813814163208,10.020000457763672,4.460535049438477,1.5199999809265137,3.7100000381469727,0.4749999940395355,0.9200000166893005,1.535712480545044,0.46000000834465027,0.36000001430511475,0.8899999856948853,0.25999999046325684,0.7099999785423279,0.1120000034570694,0.1599999964237213,0.33500000834465027
2025-08-06 00:00:00+08:00,27.63235855102539,12.846174240112305,9.634214401245117,4.960000038146973,1.4131677150726318,9.970000267028809,4.460535049438477,1.5099999904632568,3.75,0.4650000035762787,0.8999999761581421,1.5258681774139404,0.46000000834465027,0.35499998927116394,0.8799999952316284,0.2549999952316284,0.6899999976158142,0.10899999737739563,0.1599999964237213,0.33500000834465027
2025-08-07 00:00:00+08:00,28.518753051757812,13.241292953491211,9.948160171508789,5.059999942779541,1.4720497131347656,10.100000381469727,4.595995903015137,1.5199999809265137,3.809999942779541,0.4699999988079071,0.9200000166893005,1.5554012060165405,0.4650000035762787,0.36500000953674316,0.8899999856948853,0.2549999952316284,0.6399999856948853,0.10999999940395355,0.164000004529953,0.33500000834465027
2025-08-08 00:00:00+08:00,28.692176818847656,13.0967378616333,9.95797061920166,5.019999980926514,1.4720497131347656,10.050000190734863,4.63469934463501,1.4700000286102295,3.7200000286102295,0.4650000035762787,0.8899999856948853,1.5554012060165405,0.46000000834465027,0.36500000953674316,0.8700000047683716,0.2549999952316284,0.5899999737739563,0.1080000028014183,0.16300000250339508,0.33500000834465027
2025-08-11 00:00:00+08:00,29.231719970703125,13.1834716796875,10.154187202453613,5.0,1.4622360467910767,10.079999923706055,4.683078289031982,1.4900000095367432,3.740000009536743,0.4699999988079071,0.8799999952316284,1.565245509147644,0.4449999928474426,0.3700000047683716,0.8700000047683716,0.24500000476837158,0.4749999940395355,0.1080000028014183,0.16300000250339508,0.33000001311302185
2025-08-12 00:00:00+08:00,29.9254207611084,13.405122756958008,10.242485046386719,5.039999961853027,1.4916770458221436,10.470000267028809,4.70242977142334,1.4900000095367432,3.7200000286102295,0.46000000834465027,0.8899999856948853,1.5947784185409546,0.45500001311302185,0.3449999988079071,0.8500000238418579,0.24199999868869781,0.44999998807907104,0.1080000028014183,0.15600000321865082,0.33000001311302185
2025-08-13 00:00:00+08:00,30.638389587402344,13.578590393066406,10.370025634765625,5.090000152587891,1.511304259300232,10.6899995803833,4.692753791809082,1.4800000190734863,3.7100000381469727,0.45500001311302185,0.8899999856948853,1.6144670248031616,0.46000000834465027,0.3449999988079071,0.8399999737739563,0.2549999952316284,0.4350000023841858,0.10599999874830246,0.15399999916553497,0.33000001311302185
2025-08-14 00:00:00+08:00,31.2550106048584,13.800241470336914,10.468564987182617,5.190000057220459,1.521117925643921,10.890000343322754,4.7121052742004395,1.5099999904632568,3.7799999713897705,0.4699999988079071,0.8999999761581421,1.6243113279342651,0.46000000834465027,0.3400000035762787,0.8399999737739563,0.25,0.4350000023841858,0.10700000077486038,0.15199999511241913,0.24899999797344208
2025-08-15 00:00:00+08:00,31.890901565551758,13.858064651489258,10.765966415405273,5.260000228881836,1.5407453775405884,11.039999961853027,4.895945072174072,1.5499999523162842,3.799999952316284,0.4699999988079071,0.9100000262260437,1.6439999341964722,0.4699999988079071,0.3449999988079071,0.8500000238418579,0.25,0.4399999976158142,0.10999999940395355,0.15399999916553497,0.25999999046325684
2025-08-18 00:00:00+08:00,30.92742919921875,13.626774787902832,10.438823699951172,5.190000057220459,1.5309315919876099,10.90999984741211,4.866918087005615,1.5399999618530273,3.7899999618530273,0.4749999940395355,0.8999999761581421,1.6439999341964722,0.4749999940395355,0.3400000035762787,0.8600000143051147,0.25,0.45500001311302185,0.11699999868869781,0.15299999713897705,0.25
2025-08-19 00:00:00+08:00,30.407155990600586,13.732782363891602,10.498305320739746,5.21999979019165,1.521117925643921,10.779999732971191,4.837890625,1.5399999618530273,3.740000009536743,0.47999998927116394,0.8899999856948853,1.604622721672058,0.4749999940395355,0.33500000834465027,0.8500000238418579,0.24400000274181366,0.4350000023841858,0.11500000208616257,0.1550000011920929,0.25
2025-08-20 00:00:00+08:00,30.4649658203125,13.829153060913086,10.498305320739746,5.130000114440918,1.5407453775405884,10.649999618530273,4.818539142608643,1.5299999713897705,3.6500000953674316,0.4650000035762787,0.8799999952316284,1.604622721672058,0.46000000834465027,0.33000001311302185,0.8299999833106995,0.24400000274181366,0.4099999964237213,0.11299999803304672,0.1599999964237213,0.2549999952316284
2025-08-21 00:00:00+08:00,30.484233856201172,13.780967712402344,10.40908432006836,5.130000114440918,1.521117925643921,10.84000015258789,4.818539142608643,1.5099999904632568,3.6700000762939453,0.4650000035762787,0.8799999952316284,1.584934115409851,0.45500001311302185,0.33500000834465027,0.8199999928474426,0.25,0.4050000011920929,0.12099999934434891,0.15700000524520874,0.2549999952316284
2025-08-22 00:00:00+08:00,30.310808181762695,13.742420196533203,10.627179145812988,5.170000076293945,1.5505590438842773,10.699999809265137,4.750808238983154,1.5199999809265137,3.7799999713897705,0.47999998927116394,0.8899999856948853,1.584934115409851,0.46000000834465027,0.32499998807907104,0.8100000023841858,0.25,0.41499999165534973,0.11800000071525574,0.1509999930858612,0.2549999952316284
2025-08-25 00:00:00+08:00,30.599851608276367,13.915885925292969,11.182330131530762,5.679999828338623,1.5996273756027222,10.819999694824219,4.953999996185303,1.6200000047683716,3.880000114440918,0.47999998927116394,0.9100000262260437,1.6439999341964722,0.4749999940395355,0.3400000035762787,0.8500000238418579,0.2370000034570694,0.38999998569488525,0.12600000202655792,0.15700000524520874,0.2549999952316284
2025-08-26 00:00:00+08:00,29.963960647583008,13.694234848022461,11.003889083862305,5.610000133514404,1.5505590438842773,10.140000343322754,4.770159721374512,1.600000023841858,3.819999933242798,0.45500001311302185,0.8899999856948853,1.6341556310653687,0.46000000834465027,0.33500000834465027,0.8299999833106995,0.24300000071525574,0.3700000047683716,0.12800000607967377,0.15600000321865082,0.2549999952316284
2025-08-27 00:00:00+08:00,29.28952980041504,13.30875301361084,10.59743881225586,5.309999942779541,1.4229813814163208,9.970000267028809,4.789511680603027,1.5199999809265137,3.75,0.45500001311302185,0.8600000143051147,1.5750898122787476,0.45500001311302185,0.32499998807907104,0.7799999713897705,0.2329999953508377,0.35499998927116394,0.12099999934434891,0.15000000596046448,0.25
2025-08-28 00:00:00+08:00,29.366607666015625,13.30875301361084,10.478477478027344,5.260000228881836,1.4131677150726318,9.550000190734863,4.808863162994385,1.5099999904632568,3.7100000381469727,0.4399999976158142,0.8500000238418579,1.584934115409851,0.44999998807907104,0.32499998807907104,0.7400000095367432,0.23199999332427979,0.3499999940395355,0.12700000405311584,0.1459999978542328,0.24300000071525574
2025-08-29 00:00:00+08:00,29.44368553161621,13.405122756958008,10.488391876220703,5.309999942779541,1.4327950477600098,9.760000228881836,4.7798357009887695,1.5199999809265137,3.5399999618530273,0.4350000023841858,0.8500000238418579,1.5750898122787476,0.45500001311302185,0.3199999928474426,0.7400000095367432,0.2240000069141388,0.33500000834465027,0.12300000339746475,0.1459999978542328,0.23999999463558197
2025-09-01 00:00:00+08:00,30.407155990600586,13.838789939880371,10.736227035522461,5.420000076293945,1.4916770458221436,9.75,4.818539142608643,1.600000023841858,3.490000009536743,0.4449999928474426,0.8600000143051147,1.5947784185409546,0.44999998807907104,0.3199999928474426,0.75,0.22100000083446503,0.33000001311302185,0.11599999666213989,0.14300000667572021,0.23800000548362732
2025-09-02 00:00:00+08:00,29.867612838745117,13.617137908935547,10.448738098144531,5.380000114440918,1.4524223804473877,9.479999542236328,4.721781253814697,1.5800000429153442,3.4100000858306885,0.4449999928474426,0.8700000047683716,1.5750898122787476,0.44999998807907104,0.32499998807907104,0.7300000190734863,0.22100000083446503,0.32499998807907104,0.11900000274181366,0.14499999582767487,0.2409999966621399
2025-09-03 00:00:00+08:00,29.67491912841797,13.41476058959961,10.240555763244629,5.210000038146973,1.4033539295196533,9.329999923706055,4.6056718826293945,1.590000033378601,3.4100000858306885,0.44999998807907104,0.8700000047683716,1.545556902885437,0.4350000023841858,0.3199999928474426,0.7300000190734863,0.21799999475479126,0.30000001192092896,0.11599999666213989,0.1509999930858612,0.23800000548362732
2025-09-04 00:00:00+08:00,29.597841262817383,13.202744483947754,10.1414213180542,5.130000114440918,1.393540382385254,9.210000038146973,4.5379414558410645,1.5399999618530273,3.299999952316284,0.4449999928474426,0.8899999856948853,1.5258681774139404,0.4350000023841858,0.3199999928474426,0.699999988079071,0.21699999272823334,0.29499998688697815,0.11500000208616257,0.1509999930858612,0.23100000619888306
2025-09-05 00:00:00+08:00,30.17592430114746,13.347301483154297,10.22072982788086,5.21999979019165,1.4131677150726318,9.359999656677246,4.586319923400879,1.590000033378601,3.369999885559082,0.47999998927116394,0.9200000166893005,1.535712480545044,0.46000000834465027,0.32499998807907104,0.7099999785423279,0.22200000286102295,0.3100000023841858,0.11900000274181366,0.1550000011920929,0.23199999332427979
2025-09-08 00:00:00+08:00,30.310808181762695,13.482218742370605,10.468564987182617,5.309999942779541,1.4327950477600098,9.399999618530273,4.721781253814697,1.590000033378601,3.440000057220459,0.5099999904632568,0.9399999976158142,1.5750898122787476,0.4699999988079071,0.3199999928474426,0.6899999976158142,0.23100000619888306,0.3050000071525574,0.12600000202655792,0.15800000727176666,0.24799999594688416
2025-09-09 00:00:00+08:00,31.299467086791992,13.935159683227539,11.103022575378418,5.5,1.4916770458221436,9.609999656677246,4.876593589782715,1.659999966621399,3.4800000190734863,0.6499999761581421,0.949999988079071,1.6439999341964722,0.5199999809265137,0.33500000834465027,0.75,0.24500000476837158,0.38999998569488525,0.13600000739097595,0.16200000047683716,0.2750000059604645
2025-09-10 00:00:00+08:00,31.687559127807617,14.224271774291992,11.291378021240234,5.630000114440918,1.501490592956543,9.84000015258789,5.002378940582275,1.7400000095367432,3.549999952316284,0.6399999856948853,1.0399999618530273,1.6735329627990723,0.550000011920929,0.33500000834465027,0.7400000095367432,0.24699999392032623,0.4050000011920929,0.15800000727176666,0.16200000047683716,0.2800000011920929
2025-09-11 00:00:00+08:00,31.532323837280273,14.098989486694336,11.24181079864502,5.599999904632568,1.501490592956543,9.75,5.012054443359375,1.7200000286102295,3.5399999618530273,0.6200000047683716,1.0199999809265137,1.6341556310653687,0.5299999713897705,0.33500000834465027,0.7099999785423279,0.2409999966621399,0.4099999964237213,0.15299999713897705,0.15800000727176666,0.27000001072883606
2025-09-12 00:00:00+08:00,31.95922088623047,14.494109153747559,11.796961784362793,5.789999961853027,1.5800000429153442,9.880000114440918,5.17654275894165,1.8700000047683716,3.630000114440918,0.6600000262260437,1.090000033378601,1.6833772659301758,0.5400000214576721,0.3449999988079071,0.75,0.2549999952316284,0.42500001192092896,0.17299999296665192,0.16500000655651093,0.29499998688697815
2025-09-15 00:00:00+08:00,31.39649200439453,14.311005592346191,11.69782829284668,5.75,1.5700000524520874,9.880000114440918,5.128164291381836,1.809999942779541,3.630000114440918,0.6299999952316284,1.1200000047683716,1.7227544784545898,0.5400000214576721,0.3449999988079071,0.75,0.25,0.4050000011920929,0.17399999499320984,0.1599999964237213,0.2849999964237213
2025-09-16 00:00:00+08:00,31.260662078857422,14.212985038757324,11.499560356140137,5.699999809265137,1.5700000524520874,9.84000015258789,5.1378397941589355,1.690000057220459,3.630000114440918,0.6200000047683716,1.1100000143051147,1.7227544784545898,0.5199999809265137,0.32499998807907104,0.6899999976158142,0.24899999797344208,0.39500001072883606,0.16300000250339508,0.18000000715255737,0.2750000059604645
2025-09-17 00:00:00+08:00,31.280065536499023,14.448233604431152,11.995230674743652,5.869999885559082,1.600000023841858,10.050000190734863,5.215245723724365,1.7699999809265137,3.700000047683716,0.6899999976158142,1.1399999856948853,1.7424430847167969,0.5400000214576721,0.33500000834465027,0.7400000095367432,0.26499998569488525,0.42500001192092896,0.17399999499320984,0.18700000643730164,0.28999999165534973
2025-09-18 00:00:00+08:00,30.562097549438477,14.01694393157959,11.71765422821045,5.53000020980835,1.5800000429153442,9.859999656677246,5.060433387756348,1.659999966621399,3.5299999713897705,0.6299999952316284,1.100000023841858,1.6636886596679688,0.5099999904632568,0.3199999928474426,0.7099999785423279,0.24500000476837158,0.39500001072883606,0.16099999845027924,0.20200000703334808,0.2750000059604645
2025-09-19 00:00:00+08:00,30.620311737060547,13.948328971862793,11.59869384765625,5.670000076293945,1.5700000524520874,9.75,5.118488311767578,1.7000000476837158,3.5299999713897705,0.6200000047683716,1.100000023841858,1.6735329627990723,0.4449999928474426,0.3100000023841858,0.699999988079071,0.24699999392032623,0.4050000011920929,0.16500000655651093,0.1899999976158142,0.26499998569488525
2025-09-22 00:00:00+08:00,29.8829402923584,13.683673858642578,11.549126625061035,5.659999847412109,1.559999942779541,9.789999961853027,5.157191276550293,1.6799999475479126,3.549999952316284,0.6100000143051147,1.100000023841858,1.6538442373275757,0.4350000023841858,0.3149999976158142,0.6800000071525574,0.23999999463558197,0.4000000059604645,0.1599999964237213,0.20399999618530273,0.26499998569488525
2025-09-23 00:00:00+08:00,29.320209503173828,13.517038345336914,11.112936973571777,5.389999866485596,1.5,9.479999542236328,4.934648513793945,1.600000023841858,3.5399999618530273,0.5799999833106995,1.0700000524520874,1.6243113279342651,0.41999998688697815,0.3050000071525574,0.6600000262260437,0.23000000417232513,0.38999998569488525,0.14800000190734863,0.19900000095367432,0.26499998569488525
2025-09-24 00:00:00+08:00,29.20378303527832,13.585652351379395,11.162504196166992,5.440000057220459,1.4800000190734863,9.529999732971191,4.97335147857666,1.600000023841858,3.4700000286102295,0.5899999737739563,1.1100000143051147,1.6439999341964722,0.42500001192092896,0.3149999976158142,0.6600000262260437,0.2329999953508377,0.39500001072883606,0.15399999916553497,0.19099999964237213,0.25999999046325684
2025-09-25 00:00:00+08:00,28.563434600830078,13.517038345336914,11.301291465759277,5.380000114440918,1.4700000286102295,9.380000114440918,4.876593589782715,1.5800000429153442,3.4200000762939453,0.5699999928474426,1.1200000047683716,1.6538442373275757,0.41999998688697815,0.30000001192092896,0.6700000166893005,0.23199999332427979,0.38999998569488525,0.15299999713897705,0.1809999942779541,0.25999999046325684
2025-09-26 00:00:00+08:00,28.738075256347656,13.673871040344238,11.152589797973633,5.420000076293945,1.4800000190734863,9.319999694824219,4.895945072174072,1.5800000429153442,3.380000114440918,0.5699999928474426,1.1299999952316284,1.6538442373275757,0.4050000011920929,0.30000001192092896,0.6700000166893005,0.23000000417232513,0.38499999046325684,0.1589999943971634,0.1809999942779541,0.2549999952316284
2025-09-29 00:00:00+08:00,28.9127140045166,13.771892547607422,11.499560356140137,5.489999771118164,1.4900000095367432,9.350000381469727,4.983027458190918,1.649999976158142,3.390000104904175,0.5899999737739563,1.2200000286102295,1.6735329627990723,0.4050000011920929,0.3050000071525574,0.6800000071525574,0.2370000034570694,0.3799999952316284,0.15399999916553497,0.17299999296665192,0.26499998569488525
2025-09-30 00:00:00+08:00,29.475444793701172,14.07575511932373,11.777135848999023,5.570000171661377,1.5499999523162842,9.5,5.04108190536499,1.7000000476837158,3.450000047683716,0.6000000238418579,1.2999999523162842,1.7227544784545898,0.42500001192092896,0.3050000071525574,0.6899999976158142,0.24400000274181366,0.375,0.1599999964237213,0.16699999570846558,0.2849999964237213
2025-10-02 00:00:00+08:00,28.466411590576172,13.928725242614746,11.152589797973633,5.460000038146973,1.5,9.329999923706055,4.91529655456543,1.649999976158142,3.4100000858306885,0.6000000238418579,1.2799999713897705,1.6932215690612793,0.41499999165534973,0.3050000071525574,0.6899999976158142,0.23499999940395355,0.36000001430511475,0.15299999713897705,0.1599999964237213,0.2849999964237213
2025-10-03 00:00:00+08:00,28.233556747436523,13.742486000061035,10.884927749633789,5.440000057220459,1.4800000190734863,9.069999694824219,4.866918087005615,1.6200000047683716,3.359999895095825,0.6200000047683716,1.2899999618530273,1.6439999341964722,0.41499999165534973,0.3149999976158142,0.6800000071525574,0.23100000619888306,0.33500000834465027,0.1379999965429306,0.15600000321865082,0.2849999964237213
2025-10-06 00:00:00+08:00,28.07832145690918,13.683673858642578,10.716400146484375,5.460000038146973,1.4700000286102295,9.010000228881836,4.866918087005615,1.6200000047683716,3.3299999237060547,0.6399999856948853,1.340000033378601,1.6341556310653687,0.41999998688697815,0.3149999976158142,0.6899999976158142,0.2329999953508377,0.35499998927116394,0.14300000667572021,0.1550000011920929,0.2750000059604645
2025-10-08 00:00:00+08:00,27.942489624023438,13.370007514953613,10.240555763244629,5.349999904632568,1.4299999475479126,8.829999923706055,4.799187660217285,1.6200000047683716,3.2799999713897705,0.6499999761581421,1.350000023841858,1.5947784185409546,0.41499999165534973,0.3050000071525574,0.6700000166893005,0.23100000619888306,0.3449999988079071,0.14800000190734863,0.15000000596046448,0.2750000059604645
2025-10-09 00:00:00+08:00,28.252962112426758,13.546443939208984,10.428911209106445,5.289999961853027,1.4600000381469727,8.989999771118164,4.866918087005615,1.600000023841858,3.2899999618530273,0.6100000143051147,1.2999999523162842,1.6144670248031616,0.41499999165534973,0.3050000071525574,0.6600000262260437,0.23100000619888306,0.3449999988079071,0.14300000667572021,0.1469999998807907,0.2800000011920929
2025-10-10 00:00:00+08:00,28.58283805847168,13.879714012145996,10.518131256103516,5.210000038146973,1.4500000476837158,9.1899995803833,4.953999996185303,1.600000023841858,3.2300000190734863,0.6000000238418579,1.309999942779541,1.9294850826263428,0.4000000059604645,0.3050000071525574,0.6600000262260437,0.23000000417232513,0.3400000035762787,0.13500000536441803,0.14399999380111694,0.27000001072883606
2025-10-13 00:00:00+08:00,28.505220413208008,13.89931869506836,10.468564987182617,5.039999961853027,1.409999966621399,8.890000343322754,4.840000152587891,1.559999942779541,3.2100000381469727,0.5899999737739563,1.2899999618530273,1.781820297241211,0.38999998569488525,0.29499998688697815,0.6399999856948853,0.22300000488758087,0.3199999928474426,0.12700000405311584,0.14000000059604645,0.25999999046325684
2025-10-14 00:00:00+08:00,28.15593910217285,13.752287864685059,10.488391876220703,4.980000019073486,1.3899999856948853,8.770000457763672,4.739999771118164,1.5499999523162842,3.1500000953674316,0.5699999928474426,1.309999942779541,1.850730538368225,0.38999998569488525,0.29499998688697815,0.6200000047683716,0.21899999678134918,0.3050000071525574,0.12999999523162842,0.13600000739097595,0.25999999046325684
2025-10-15 00:00:00+08:00,28.07832145690918,13.96793270111084,10.577611923217773,4.920000076293945,1.4199999570846558,8.899999618530273,4.809999942779541,1.5700000524520874,3.240000009536743,0.5799999833106995,1.3899999856948853,1.850730538368225,0.38999998569488525,0.29499998688697815,0.6299999952316284,0.22200000286102295,0.3050000071525574,0.13199999928474426,0.14100000262260437,0.25999999046325684
2025-10-16 00:00:00+08:00,28.621646881103516,13.869912147521973,10.537959098815918,4.800000190734863,1.399999976158142,8.770000457763672,4.78000020980835,1.559999942779541,3.25,0.5799999833106995,1.4199999570846558,1.781820297241211,0.39500001072883606,0.29499998688697815,0.6100000143051147,0.22100000083446503,0.3050000071525574,0.12800000607967377,0.14000000059604645,0.26499998569488525
2025-10-17 00:00:00+08:00,28.252962112426758,13.624860763549805,10.30994987487793,4.519999980926514,1.3799999952316284,8.529999732971191,4.71999979019165,1.5199999809265137,3.1700000762939453,0.550000011920929,1.409999966621399,1.7325987815856934,0.38999998569488525,0.28999999165534973,0.5899999737739563,0.21199999749660492,0.30000001192092896,0.12300000339746475,0.1340000033378601,0.2549999952316284
2025-10-20 00:00:00+08:00,28.757478713989258,13.771892547607422,10.1414213180542,4.559999942779541,1.4199999570846558,8.84000015258789,4.860000133514404,1.5199999809265137,3.200000047683716,0.550000011920929,1.4299999475479126,1.7719759941101074,0.38999998569488525,0.2800000011920929,0.6200000047683716,0.22200000286102295,0.3050000071525574,0.12099999934434891,0.13300000131130219,0.24799999594688416
2025-10-21 00:00:00+08:00,29.048547744750977,13.771892547607422,10.290122985839844,4.639999866485596,1.440000057220459,8.930000305175781,4.809999942779541,1.5199999809265137,3.2799999713897705,0.5600000023841858,1.5,1.8211976289749146,0.39500001072883606,0.2849999964237213,0.6299999952316284,0.21899999678134918,0.3050000071525574,0.12600000202655792,0.13300000131130219,0.2549999952316284
2025-10-22 00:00:00+08:00,28.447006225585938,13.595455169677734,10.250470161437988,4.659999847412109,1.440000057220459,8.979999542236328,4.849999904632568,1.5299999713897705,3.2300000190734863,0.5699999928474426,1.5199999809265137,1.8408862352371216,0.41999998688697815,0.2849999964237213,0.6200000047683716,0.2199999988079071,0.30000001192092896,0.12700000405311584,0.13199999928474426,0.26499998569488525
2025-10-23 00:00:00+08:00,28.544029235839844,13.566048622131348,10.240555763244629,4.670000076293945,1.440000057220459,8.8100004196167,4.800000190734863,1.5199999809265137,3.2200000286102295,0.5600000023841858,1.5499999523162842,1.831041932106018,0.41499999165534973,0.2800000011920929,0.6200000047683716,0.21799999475479126,0.30000001192092896,0.12600000202655792,0.13099999725818634,0.2549999952316284
2025-10-24 00:00:00+08:00,28.485816955566406,13.46802806854248,10.0224609375,4.599999904632568,1.440000057220459,8.859999656677246,4.71999979019165,1.5099999904632568,3.190000057220459,0.5699999928474426,1.5299999713897705,1.8408862352371216,0.4050000011920929,0.28999999165534973,0.6200000047683716,0.21899999678134918,0.30000001192092896,0.1289999932050705,0.12999999523162842,0.2549999952316284
2025-10-27 00:00:00+08:00,28.369388580322266,13.448424339294434,10.12159538269043,4.579999923706055,1.4600000381469727,8.819999694824219,4.730000019073486,1.5099999904632568,3.2100000381469727,0.5799999833106995,1.5199999809265137,1.850730538368225,0.4300000071525574,0.2849999964237213,0.6100000143051147,0.21899999678134918,0.30000001192092896,0.13099999725818634,0.12999999523162842,0.2549999952316284
2025-10-28 00:00:00+08:00,28.175344467163086,13.419017791748047,10.012548446655273,4.510000228881836,1.4299999475479126,8.720000267028809,4.659999847412109,1.5099999904632568,3.200000047683716,0.5899999737739563,1.5199999809265137,1.8704191446304321,0.42500001192092896,0.2849999964237213,0.6000000238418579,0.2160000056028366,0.28999999165534973,0.12800000607967377,0.12700000405311584,0.2549999952316284
2025-10-30 00:00:00+08:00,27.418567657470703,12.977925300598145,9.645750999450684,4.449999809265137,1.3700000047683716,8.34000015258789,4.539999961853027,1.5,3.190000057220459,0.5799999833106995,1.559999942779541,1.8211976289749146,0.41499999165534973,0.2800000011920929,0.5699999928474426,0.20900000631809235,0.2849999964237213,0.12399999797344208,0.125,0.25999999046325684
2025-10-31 00:00:00+08:00,27.22452163696289,12.77208137512207,9.526789665222168,4.400000095367432,1.340000033378601,8.300000190734863,4.480000019073486,1.4600000381469727,3.1500000953674316,0.5699999928474426,1.600000023841858,1.8211976289749146,0.41999998688697815,0.2750000059604645,0.5400000214576721,0.2240000069141388,0.2800000011920929,0.12099999934434891,0.11999999731779099,0.25999999046325684
2025-11-03 00:00:00+08:00,27.57380485534668,12.879904747009277,9.606097221374512,4.400000095367432,1.3600000143051147,8.270000457763672,4.550000190734863,1.4800000190734863,3.1500000953674316,0.5699999928474426,1.600000023841858,1.811353325843811,0.41499999165534973,0.26499998569488525,0.5600000023841858,0.2199999988079071,0.2849999964237213,0.11800000071525574,0.11699999868869781,0.27000001072883606
2025-11-04 00:00:00+08:00,27.205120086669922,12.723071098327637,9.37808895111084,4.309999942779541,1.340000033378601,8.369999885559082,4.5,1.4900000095367432,3.140000104904175,0.5600000023841858,1.590000033378601,1.8015090227127075,0.42500001192092896,0.26499998569488525,0.550000011920929,0.21699999272823334,0.2800000011920929,0.11299999803304672,0.11599999666213989,0.2549999952316284
2025-11-05 00:00:00+08:00,26.89464569091797,12.644655227661133,9.397915840148926,4.309999942779541,1.3600000143051147,8.260000228881836,4.480000019073486,1.4900000095367432,3.0999999046325684,0.5699999928474426,1.600000023841858,1.811353325843811,0.41999998688697815,0.25999999046325684,0.5299999713897705,0.21199999749660492,0.27000001072883606,0.10599999874830246,0.11800000071525574,0.24300000071525574
2025-11-06 00:00:00+08:00,27.39916229248047,12.81128978729248,9.8341064453125,4.300000190734863,1.3600000143051147,8.25,4.5,1.4900000095367432,3.140000104904175,0.550000011920929,1.5299999713897705,1.8408862352371216,0.42500001192092896,0.25999999046325684,0.5299999713897705,0.21299999952316284,0.27000001072883606,0.10499999672174454,0.11299999803304672,0.2409999966621399
2025-11-07 00:00:00+08:00,27.01107406616211,12.732873916625977,9.893586158752441,4.300000190734863,1.350000023841858,8.25,4.519999980926514,1.4299999475479126,3.119999885559082,0.5299999713897705,1.5,1.9097964763641357,0.41999998688697815,0.25999999046325684,0.5299999713897705,0.210999995470047,0.25999999046325684,0.10400000214576721,0.11500000208616257,0.23899999260902405
2025-11-10 00:00:00+08:00,28.214153289794922,12.968122482299805,10.12159538269043,4.400000095367432,1.409999966621399,8.890000343322754,4.639999866485596,1.4299999475479126,3.1700000762939453,0.5299999713897705,1.5199999809265137,1.9393293857574463,0.41999998688697815,0.25999999046325684,0.550000011920929,0.21299999952316284,0.2800000011920929,0.10499999672174454,0.12099999934434891,0.23899999260902405
2025-11-11 00:00:00+08:00,28.757478713989258,13.026935577392578,10.339690208435059,4.389999866485596,1.399999976158142,8.899999618530273,4.670000076293945,1.440000057220459,3.190000057220459,0.5299999713897705,1.5800000429153442,2.086993932723999,0.41999998688697815,0.2549999952316284,0.5600000023841858,0.20800000429153442,0.26499998569488525,0.10499999672174454,0.11500000208616257,0.23899999260902405
2025-11-12 00:00:00+08:00,29.785919189453125,13.3994140625,10.428911209106445,4.400000095367432,1.4199999570846558,8.9399995803833,4.699999809265137,1.4299999475479126,3.200000047683716,0.5400000214576721,1.5800000429153442,2.1559042930603027,0.4300000071525574,0.26499998569488525,0.5899999737739563,0.20900000631809235,0.28999999165534973,0.11599999666213989,0.11900000274181366,0.24300000071525574
2025-11-13 00:00:00+08:00,29.785919189453125,13.595455169677734,10.438823699951172,4.409999847412109,1.440000057220459,9.210000038146973,4.71999979019165,1.440000057220459,3.240000009536743,0.5400000214576721,1.5700000524520874,2.126371383666992,0.4300000071525574,0.26499998569488525,0.5799999833106995,0.20800000429153442,0.2800000011920929,0.11500000208616257,0.11999999731779099,0.23999999463558197
2025-11-14 00:00:00+08:00,29.591873168945312,13.45822525024414,10.30994987487793,4.349999904632568,1.440000057220459,9.149999618530273,4.690000057220459,1.399999976158142,3.180000066757202,0.5400000214576721,1.5499999523162842,2.067305326461792,0.41999998688697815,0.26499998569488525,0.550000011920929,0.20399999618530273,0.2750000059604645,0.11599999666213989,0.11999999731779099,0.2370000034570694
2025-11-17 00:00:00+08:00,29.3978271484375,13.370007514953613,10.181076049804688,4.300000190734863,1.4700000286102295,9.239999771118164,4.730000019073486,1.350000023841858,3.119999885559082,0.5199999809265137,1.5199999809265137,2.067305326461792,0.4050000011920929,0.25999999046325684,0.5699999928474426,0.19900000095367432,0.27000001072883606,0.10999999940395355,0.11800000071525574,0.2370000034570694
2025-11-18 00:00:00+08:00,28.776884078979492,13.164164543151855,9.824193000793457,4.110000133514404,1.4199999570846558,8.920000076293945,4.579999923706055,1.2999999523162842,3.059999942779541,0.4950000047683716,1.4600000381469727,1.9983952045440674,0.4000000059604645,0.2549999952316284,0.5899999737739563,0.19599999487400055,0.25999999046325684,0.10599999874830246,0.11800000071525574,0.23100000619888306
2025-11-19 00:00:00+08:00,28.447006225585938,13.124956130981445,9.675492286682129,4.059999942779541,1.4299999475479126,8.890000343322754,4.570000171661377,1.3300000429153442,3.009999990463257,0.48500001430511475,1.4600000381469727,1.9393293857574463,0.4000000059604645,0.25,0.6000000238418579,0.19699999690055847,0.27000001072883606,0.10899999737739563,0.11500000208616257,0.23399999737739563
2025-11-20 00:00:00+08:00,29.16497230529785,13.448424339294434,9.675492286682129,4.210000038146973,1.4700000286102295,9.140000343322754,4.699999809265137,1.409999966621399,3.049999952316284,0.5,1.4700000286102295,1.9688622951507568,0.4099999964237213,0.2549999952316284,0.6000000238418579,0.19900000095367432,0.27000001072883606,0.10999999940395355,0.11900000274181366,0.23999999463558197
2025-11-21 00:00:00+08:00,28.893310546875,13.38961124420166,9.814278602600098,4.190000057220459,1.4600000381469727,9.170000076293945,4.570000171661377,1.399999976158142,3.0299999713897705,0.5099999904632568,1.4700000286102295,1.9294850826263428,0.39500001072883606,0.25,0.6299999952316284,0.19300000369548798,0.27000001072883606,0.10899999737739563,0.11900000274181366,0.23600000143051147
2025-11-24 00:00:00+08:00,29.533658981323242,13.703276634216309,10.012548446655273,4.190000057220459,1.440000057220459,9.029999732971191,4.659999847412109,1.409999966621399,3.059999942779541,0.5299999713897705,1.4800000190734863,1.9590179920196533,0.4050000011920929,0.25,0.6100000143051147,0.19499999284744263,0.25999999046325684,0.10599999874830246,0.11900000274181366,0.23600000143051147
2025-11-25 00:00:00+08:00,29.76651382446289,13.781694412231445,10.200902938842773,4.139999866485596,1.4199999570846558,9.029999732971191,4.659999847412109,1.399999976158142,3.009999990463257,0.5299999713897705,1.4900000095367432,1.9491736888885498,0.4000000059604645,0.25,0.6100000143051147,0.19300000369548798,0.25999999046325684,0.10700000077486038,0.11599999666213989,0.23199999332427979
2025-11-26 00:00:00+08:00,29.68889617919922,13.781694412231445,10.032374382019043,3.880000114440918,1.4299999475479126,8.899999618530273,4.630000114440918,1.350000023841858,3.0399999618530273,0.5199999809265137,1.440000057220459,1.8999520540237427,0.39500001072883606,0.24500000476837158,0.6299999952316284,0.19300000369548798,0.25,0.10599999874830246,0.11400000005960464,0.23100000619888306
2025-11-27 00:00:00+08:00,29.96055793762207,13.409215927124023,9.66557788848877,3.5799999237060547,1.3899999856948853,8.90999984741211,4.53000020980835,1.3200000524520874,3.009999990463257,0.5199999809265137,1.4299999475479126,1.8999520540237427,0.38999998569488525,0.23199999332427979,0.6299999952316284,0.19099999964237213,0.23399999737739563,0.10499999672174454,0.11599999666213989,0.23000000417232513
2025-11-28 00:00:00+08:00,29.261995315551758,13.026935577392578,9.635838508605957,3.640000104904175,1.3799999952316284,8.880000114440918,4.510000228881836,1.3700000047683716,3.0299999713897705,0.5199999809265137,1.4600000381469727,1.8901077508926392,0.39500001072883606,0.25,0.6299999952316284,0.19200000166893005,0.2290000021457672,0.1080000028014183,0.11800000071525574,0.22699999809265137
2025-12-01 00:00:00+08:00,29.727703094482422,12.987727165222168,9.844019889831543,3.5299999713897705,1.3700000047683716,9.010000228881836,4.539999961853027,1.350000023841858,3.0,0.5099999904632568,1.4500000476837158,1.8802634477615356,0.39500001072883606,0.25,0.6200000047683716,0.1889999955892563,0.2160000056028366,0.10700000077486038,0.12099999934434891,0.22100000083446503
2025-12-02 00:00:00+08:00,29.45604133605957,12.997529983520508,9.962981224060059,3.6600000858306885,1.3700000047683716,9.050000190734863,4.510000228881836,1.3700000047683716,3.0299999713897705,0.5299999713897705,1.4900000095367432,1.8999520540237427,0.39500001072883606,0.2549999952316284,0.6399999856948853,0.1899999976158142,0.2160000056028366,0.1080000028014183,0.11699999868869781,0.2199999988079071
2025-12-03 00:00:00+08:00,28.544029235839844,12.82109260559082,9.73497200012207,3.549999952316284,1.3799999952316284,9.0600004196167,4.420000076293945,1.3300000429153442,3.0199999809265137,0.5199999809265137,1.5099999904632568,1.8704191446304321,0.38499999046325684,0.24699999392032623,0.6200000047683716,0.18799999356269836,0.20900000631809235,0.10599999874830246,0.11400000005960464,0.22100000083446503
2025-12-04 00:00:00+08:00,28.679861068725586,12.879904747009277,9.8341064453125,3.5999999046325684,1.3899999856948853,8.960000038146973,4.400000095367432,1.3300000429153442,3.0199999809265137,0.5099999904632568,1.5499999523162842,1.8999520540237427,0.38499999046325684,0.24799999594688416,0.6299999952316284,0.18700000643730164,0.20999999344348907,0.10599999874830246,0.11100000143051147,0.16699999570846558
2025-12-05 00:00:00+08:00,28.776884078979492,12.919113159179688,9.9530668258667,3.569999933242798,1.4199999570846558,9.100000381469727,4.409999847412109,1.350000023841858,3.059999942779541,0.5199999809265137,1.5800000429153442,1.8901077508926392,0.3799999952316284,0.24400000274181366,0.6299999952316284,0.19099999964237213,0.21199999749660492,0.1120000034570694,0.11100000143051147,0.16099999845027924
2025-12-08 00:00:00+08:00,28.33057975769043,12.75247859954834,9.804366111755371,3.4600000381469727,1.3700000047683716,8.800000190734863,4.400000095367432,1.2899999618530273,3.0299999713897705,0.4950000047683716,1.600000023841858,1.8704191446304321,0.3799999952316284,0.24500000476837158,0.6000000238418579,0.1860000044107437,0.21299999952316284,0.11299999803304672,0.10700000077486038,0.16500000655651093
2025-12-09 00:00:00+08:00,27.26333236694336,12.350593566894531,9.219474792480469,3.3399999141693115,1.1699999570846558,8.40999984741211,4.150000095367432,1.2400000095367432,3.049999952316284,0.48500001430511475,1.559999942779541,1.811353325843811,0.3100000023841858,0.24400000274181366,0.6200000047683716,0.17800000309944153,0.2029999941587448,0.10700000077486038,0.10899999737739563,0.16099999845027924
2025-12-10 00:00:00+08:00,27.360355377197266,12.370197296142578,9.219474792480469,3.7799999713897705,1.2699999809265137,8.630000114440918,4.25,1.350000023841858,3.069999933242798,0.4950000047683716,1.590000033378601,1.811353325843811,0.33000001311302185,0.24500000476837158,0.6399999856948853,0.1850000023841858,0.2160000056028366,0.11100000143051147,0.11500000208616257,0.16099999845027924
2025-12-11 00:00:00+08:00,27.34095001220703,12.321187019348145,9.269042015075684,3.7200000286102295,1.25,8.539999961853027,4.179999828338623,1.3200000524520874,3.0299999713897705,0.48500001430511475,1.590000033378601,1.7719759941101074,0.3050000071525574,0.24799999594688416,0.6600000262260437,0.18000000715255737,0.2070000022649765,0.10999999940395355,0.11100000143051147,0.15199999511241913
2025-12-12 00:00:00+08:00,27.39916229248047,12.478019714355469,9.25912857055664,3.680000066757202,1.2300000190734863,8.619999885559082,4.210000038146973,1.3200000524520874,3.059999942779541,0.49000000953674316,1.659999966621399,1.781820297241211,0.3149999976158142,0.25,0.6800000071525574,0.17800000309944153,0.20800000429153442,0.10999999940395355,0.10899999737739563,0.15600000321865082
2025-12-15 00:00:00+08:00,27.108097076416016,12.252573013305664,9.209561347961426,3.490000009536743,1.2200000286102295,8.5,4.079999923706055,1.2999999523162842,3.009999990463257,0.47999998927116394,1.7100000381469727,1.7719759941101074,0.29499998688697815,0.2460000067949295,0.6600000262260437,0.17599999904632568,0.20100000500679016,0.1080000028014183,0.10700000077486038,0.15700000524520874
2025-12-16 00:00:00+08:00,26.487150192260742,11.958511352539062,9.001379013061523,3.5899999141693115,1.2100000381469727,8.4399995803833,4.070000171661377,1.2999999523162842,3.0299999713897705,0.47999998927116394,1.659999966621399,1.791664719581604,0.30000001192092896,0.24899999797344208,0.6600000262260437,0.17399999499320984,0.19900000095367432,0.10700000077486038,0.10400000214576721,0.1509999930858612
2025-12-17 00:00:00+08:00,26.564769744873047,11.968313217163086,8.99146556854248,3.619999885559082,1.2200000286102295,8.390000343322754,4.070000171661377,1.2999999523162842,3.0399999618530273,0.4749999940395355,1.6699999570846558,1.811353325843811,0.30000001192092896,0.25,0.6499999761581421,0.1720000058412552,0.20100000500679016,0.10700000077486038,0.10599999874830246,0.15800000727176666
2025-12-18 00:00:00+08:00,26.312511444091797,11.821282386779785,8.83285140991211,3.549999952316284,1.2100000381469727,8.380000114440918,4.090000152587891,1.2999999523162842,3.0199999809265137,0.4650000035762787,1.7000000476837158,1.8211976289749146,0.30000001192092896,0.2549999952316284,0.6299999952316284,0.17000000178813934,0.19200000166893005,0.10499999672174454,0.10400000214576721,0.15299999713897705
2025-12-19 00:00:00+08:00,26.564769744873047,11.791875839233398,8.793197631835938,3.609999895095825,1.2300000190734863,8.380000114440918,4.070000171661377,1.309999942779541,3.049999952316284,0.45500001311302185,1.7000000476837158,1.9590179920196533,0.30000001192092896,0.2460000067949295,0.550000011920929,0.16699999570846558,0.20399999618530273,0.10499999672174454,0.10700000077486038,0.1550000011920929
2025-12-22 00:00:00+08:00,26.758813858032227,11.880094528198242,8.813024520874023,3.5399999618530273,1.2300000190734863,8.420000076293945,4.070000171661377,1.2999999523162842,3.049999952316284,0.4399999976158142,1.7300000190734863,1.9294850826263428,0.2800000011920929,0.2409999966621399,0.5400000214576721,0.16500000655651093,0.19699999690055847,0.10100000351667404,0.10300000011920929,0.1509999930858612
2025-12-23 00:00:00+08:00,27.069286346435547,11.958511352539062,8.70397663116455,3.4600000381469727,1.2200000286102295,8.319999694824219,4.039999961853027,1.2799999713897705,3.009999990463257,0.4300000071525574,1.7999999523162842,1.9983952045440674,0.2800000011920929,0.24500000476837158,0.5299999713897705,0.1589999943971634,0.1940000057220459,0.0989999994635582,0.10100000351667404,0.1599999964237213
2025-12-24 00:00:00+08:00,26.95285987854004,11.97811508178711,8.783284187316895,3.4100000858306885,1.2100000381469727,8.239999771118164,4.050000190734863,1.2899999618530273,3.069999933242798,0.4300000071525574,1.8200000524520874,2.1165270805358887,0.2849999964237213,0.24899999797344208,0.5199999809265137,0.1599999964237213,0.19499999284744263,0.09700000286102295,0.10499999672174454,0.1599999964237213
2025-12-29 00:00:00+08:00,26.40953254699707,12.0859375,8.604843139648438,3.359999895095825,1.2000000476837158,8.289999961853027,4.0,1.2999999523162842,2.9700000286102295,0.4300000071525574,1.809999942779541,1.9885509014129639,0.2750000059604645,0.25999999046325684,0.5199999809265137,0.1599999964237213,0.19300000369548798,0.09399999678134918,0.10100000351667404,0.15000000596046448
2025-12-30 00:00:00+08:00,26.681196212768555,12.183959007263184,8.456141471862793,3.309999942779541,1.190000057220459,8.260000228881836,3.950000047683716,1.2899999618530273,2.9200000762939453,0.41999998688697815,1.7699999809265137,1.9590179920196533,0.27000001072883606,0.25999999046325684,0.5099999904632568,0.16200000047683716,0.1899999976158142,0.0989999994635582,0.0989999994635582,0.1509999930858612
2025-12-31 00:00:00+08:00,26.39012908935547,12.007521629333496,8.466054916381836,3.2799999713897705,1.2000000476837158,8.390000343322754,3.950000047683716,1.309999942779541,2.9800000190734863,0.41499999165534973,1.7699999809265137,1.9688622951507568,0.27000001072883606,0.25999999046325684,0.5099999904632568,0.16099999845027924,0.19099999964237213,0.10100000351667404,0.09700000286102295,0.14900000393390656
2026-01-02 00:00:00+08:00,26.89464569091797,12.242770195007324,8.664322853088379,3.369999885559082,1.2300000190734863,8.380000114440918,4.019999980926514,1.2799999713897705,2.940000057220459,0.39500001072883606,1.7799999713897705,1.9590179920196533,0.2750000059604645,0.2549999952316284,0.5199999809265137,0.1599999964237213,0.19099999964237213,0.0989999994635582,0.09799999743700027,0.15800000727176666
2026-01-05 00:00:00+08:00,28.252962112426758,12.576041221618652,9.080686569213867,3.4100000858306885,1.309999942779541,8.930000305175781,4.159999847412109,1.3200000524520874,2.9800000190734863,0.4000000059604645,1.7699999809265137,1.9688622951507568,0.2800000011920929,0.25,0.5299999713897705,0.1599999964237213,0.20200000703334808,0.10100000351667404,0.10000000149011612,0.16099999845027924
2026-01-06 00:00:00+08:00,28.932119369506836,12.928914070129395,9.487136840820312,3.4200000762939453,1.3799999952316284,9.0,4.230000019073486,1.3300000429153442,3.0399999618530273,0.4000000059604645,1.7100000381469727,2.0180838108062744,0.2849999964237213,0.25999999046325684,0.5299999713897705,0.16500000655651093,0.20800000429153442,0.10100000351667404,0.09600000083446503,0.16099999845027924
2026-01-07 00:00:00+08:00,28.505220413208008,12.723071098327637,9.427656173706055,3.3499999046325684,1.340000033378601,9.0,4.199999809265137,1.2200000286102295,3.130000114440918,0.38499999046325684,1.6299999952316284,1.9393293857574463,0.28999999165534973,0.2549999952316284,0.5099999904632568,0.16899999976158142,0.19900000095367432,0.10000000149011612,0.08100000023841858,0.1509999930858612
2026-01-08 00:00:00+08:00,28.718669891357422,12.75247859954834,9.536704063415527,3.5,1.350000023841858,9.010000228881836,4.25,1.1799999475479126,3.1700000762939453,0.3700000047683716,1.5800000429153442,1.9590179920196533,0.28999999165534973,0.25999999046325684,0.5199999809265137,0.16500000655651093,0.19699999690055847,0.10000000149011612,0.0820000022649765,0.15399999916553497
2026-01-09 00:00:00+08:00,28.33057975769043,12.762280464172363,9.25912857055664,3.4800000190734863,1.3200000524520874,8.899999618530273,4.190000057220459,1.1299999952316284,3.3299999237060547,0.3700000047683716,1.5399999618530273,1.9983952045440674,0.2800000011920929,0.26499998569488525,0.5099999904632568,0.1599999964237213,0.19300000369548798,0.09700000286102295,0.07900000363588333,0.1589999943971634
2026-01-12 00:00:00+08:00,28.311176300048828,12.791686058044434,9.070773124694824,3.380000114440918,1.2999999523162842,8.720000267028809,4.159999847412109,1.1100000143051147,3.1700000762939453,0.36500000953674316,1.5,1.9294850826263428,0.30000001192092896,0.2549999952316284,0.5099999904632568,0.1589999943971634,0.19900000095367432,0.10000000149011612,0.0820000022649765,0.164000004529953
2026-01-13 00:00:00+08:00,28.427600860595703,12.693665504455566,8.961726188659668,3.369999885559082,1.2799999713897705,8.649999618530273,4.099999904632568,1.1200000047683716,3.0899999141693115,0.375,1.5099999904632568,1.9491736888885498,0.3050000071525574,0.25999999046325684,0.5,0.16200000047683716,0.20000000298023224,0.10199999809265137,0.08299999684095383,0.1589999943971634
2026-01-14 00:00:00+08:00,28.34998321533203,12.879904747009277,9.120340347290039,3.359999895095825,1.2999999523162842,8.680000305175781,4.119999885559082,1.159999966621399,3.130000114440918,0.4099999964237213,1.5299999713897705,1.9590179920196533,0.3100000023841858,0.25999999046325684,0.5099999904632568,0.16699999570846558,0.20800000429153442,0.10700000077486038,0.08299999684095383,0.16099999845027924
2026-01-15 00:00:00+08:00,28.776884078979492,12.987727165222168,9.338435173034668,3.5899999141693115,1.3200000524520874,8.899999618530273,4.190000057220459,1.2000000476837158,3.2200000286102295,0.4000000059604645,1.559999942779541,1.9688622951507568,0.3149999976158142,0.25999999046325684,0.5400000214576721,0.16899999976158142,0.20999999344348907,0.10599999874830246,0.09099999815225601,0.1599999964237213
2026-01-16 00:00:00+08:00,28.3887939453125,12.85049819946289,9.269042015075684,3.5,1.309999942779541,8.739999771118164,4.099999904632568,1.149999976158142,3.1500000953674316,0.3799999952316284,1.5099999904632568,1.9393293857574463,0.3050000071525574,0.25999999046325684,0.5199999809265137,0.16599999368190765,0.20399999618530273,0.10199999809265137,0.09399999678134918,0.15600000321865082
2026-01-19 00:00:00+08:00,27.729040145874023,12.977925300598145,9.44748306274414,3.450000047683716,1.3200000524520874,8.8100004196167,4.139999866485596,1.1299999952316284,3.1500000953674316,0.32499998807907104,1.4800000190734863,1.9590179920196533,0.2849999964237213,0.26499998569488525,0.5,0.16200000047683716,0.19900000095367432,0.0989999994635582,0.09000000357627869,0.16300000250339508
2026-01-20 00:00:00+08:00,28.757478713989258,13.311195373535156,9.586271286010742,3.4800000190734863,1.350000023841858,9.300000190734863,4.230000019073486,1.100000023841858,3.180000066757202,0.3050000071525574,1.4500000476837158,2.008239507675171,0.2800000011920929,0.27000001072883606,0.5,0.13600000739097595,0.19699999690055847,0.09799999743700027,0.08699999749660492,0.1599999964237213
2026-01-21 00:00:00+08:00,27.9036808013916,13.144559860229492,9.497050285339355,3.680000066757202,1.3600000143051147,9.319999694824219,4.239999771118164,1.0399999618530273,3.190000057220459,0.28999999165534973,1.399999976158142,2.027928113937378,0.2800000011920929,0.2800000011920929,0.4950000047683716,0.125,0.1979999989271164,0.09700000286102295,0.08699999749660492,0.164000004529953
2026-01-22 00:00:00+08:00,27.884275436401367,13.262185096740723,9.625924110412598,3.640000104904175,1.409999966621399,9.649999618530273,4.289999961853027,1.0,3.130000114440918,0.27000001072883606,1.3700000047683716,2.0968384742736816,0.26499998569488525,0.2750000059604645,0.49000000953674316,0.10199999809265137,0.1940000057220459,0.0989999994635582,0.08399999886751175,0.15399999916553497
2026-01-23 00:00:00+08:00,27.379758834838867,13.242581367492676,9.407829284667969,3.6600000858306885,1.4199999570846558,9.6899995803833,4.25,1.0299999713897705,3.130000114440918,0.2800000011920929,1.2999999523162842,2.0968384742736816,0.25,0.27000001072883606,0.49000000953674316,0.08500000089406967,0.1940000057220459,0.0989999994635582,0.08100000023841858,0.1550000011920929
2026-01-26 00:00:00+08:00,27.166309356689453,13.370007514953613,9.397915840148926,3.630000114440918,1.5,9.720000267028809,4.210000038146973,1.0199999809265137,3.130000114440918,0.2849999964237213,1.2599999904632568,2.086993932723999,0.26499998569488525,0.26499998569488525,0.5099999904632568,0.08799999952316284,0.20600000023841858,0.09700000286102295,0.08399999886751175,0.1599999964237213
2026-01-27 00:00:00+08:00,27.632017135620117,13.311195373535156,9.47722339630127,3.609999895095825,1.5099999904632568,9.84000015258789,4.170000076293945,0.9900000095367432,3.180000066757202,0.26499998569488525,1.2599999904632568,2.214970111846924,0.26499998569488525,0.25999999046325684,0.5099999904632568,0.08500000089406967,0.19900000095367432,0.09300000220537186,0.0820000022649765,0.16500000655651093
2026-01-28 00:00:00+08:00,28.9127140045166,13.517038345336914,9.784539222717285,3.740000009536743,1.690000057220459,10.729999542236328,4.320000171661377,1.0299999713897705,3.2799999713897705,0.2750000059604645,1.340000033378601,2.2445030212402344,0.26499998569488525,0.25999999046325684,0.5299999713897705,0.08399999886751175,0.2070000022649765,0.0949999988079071,0.08500000089406967,0.18799999356269836
2026-01-29 00:00:00+08:00,30.25162696838379,14.340411186218262,10.349603652954102,4.039999961853027,1.7400000095367432,11.399999618530273,4.679999828338623,1.3300000429153442,3.5299999713897705,0.3199999928474426,1.590000033378601,2.4020121097564697,0.3050000071525574,0.29499998688697815,0.6399999856948853,0.10300000011920929,0.2549999952316284,0.10700000077486038,0.10199999809265137,0.26499998569488525
2026-01-30 00:00:00+08:00,29.76651382446289,13.762089729309082,10.210816383361816,3.799999952316284,1.7300000190734863,11.1899995803833,4.559999942779541,1.2100000381469727,3.4800000190734863,0.29499998688697815,1.4199999570846558,2.313413143157959,0.2849999964237213,0.2750000059604645,0.5699999928474426,0.10300000011920929,0.2290000021457672,0.10100000351667404,0.09300000220537186,0.23499999940395355
2026-02-02 00:00:00+08:00,28.815692901611328,13.45822525024414,10.111681938171387,3.5799999237060547,1.6399999856948853,10.539999961853027,4.420000076293945,1.1299999952316284,3.2699999809265137,0.2750000059604645,1.3200000524520874,2.195281505584717,0.2750000059604645,0.2549999952316284,0.550000011920929,0.08900000154972076,0.2070000022649765,0.09399999678134918,0.0860000029206276,0.2150000035762787
2026-02-03 00:00:00+08:00,29.3978271484375,13.713079452514648,10.042287826538086,3.559999942779541,1.690000057220459,11.010000228881836,4.489999771118164,1.1399999856948853,3.2100000381469727,0.2800000011920929,1.350000023841858,2.2838802337646484,0.2800000011920929,0.25999999046325684,0.5699999928474426,0.09399999678134918,0.22200000286102295,0.0949999988079071,0.08699999749660492,0.23000000417232513
2026-02-04 00:00:00+08:00,30.988998413085938,14.242390632629395,10.349603652954102,3.7799999713897705,1.7899999618530273,11.510000228881836,4.769999980926514,1.2400000095367432,3.309999942779541,0.2849999964237213,1.399999976158142,2.3626348972320557,0.28999999165534973,0.2750000059604645,0.5799999833106995,0.09300000220537186,0.2549999952316284,0.09700000286102295,0.09000000357627869,0.23399999737739563
2026-02-05 00:00:00+08:00,31.047210693359375,14.438431739807129,10.12159538269043,3.7200000286102295,1.7599999904632568,11.220000267028809,4.739999771118164,1.2300000190734863,3.259999990463257,0.2849999964237213,1.3799999952316284,2.313413143157959,0.30000001192092896,0.27000001072883606,0.5699999928474426,0.08900000154972076,0.25,0.0949999988079071,0.09300000220537186,0.2290000021457672
2026-02-06 00:00:00+08:00,30.736738204956055,14.12476634979248,10.181076049804688,3.6700000762939453,1.7300000190734863,11.359999656677246,4.699999809265137,1.2200000286102295,3.25,0.2800000011920929,1.340000033378601,2.2445030212402344,0.30000001192092896,0.26499998569488525,0.5600000023841858,0.08500000089406967,0.24899999797344208,0.09300000220537186,0.08900000154972076,0.2240000069141388
2026-02-09 00:00:00+08:00,31.105424880981445,14.360014915466309,10.40908432006836,3.7799999713897705,1.6799999475479126,11.25,4.860000133514404,1.2999999523162842,3.369999885559082,0.2849999964237213,1.3300000429153442,2.195281505584717,0.30000001192092896,0.2750000059604645,0.5799999833106995,0.08699999749660492,0.25,0.09399999678134918,0.08799999952316284,0.23399999737739563
2026-02-10 00:00:00+08:00,31.14423179626465,14.242390632629395,10.151334762573242,3.7200000286102295,1.649999976158142,11.180000305175781,4.71999979019165,1.25,3.309999942779541,0.2800000011920929,1.309999942779541,2.1559042930603027,0.28999999165534973,0.27000001072883606,0.5899999737739563,0.08699999749660492,0.2329999953508377,0.09399999678134918,0.08399999886751175,0.2329999953508377
2026-02-11 00:00:00+08:00,31.047210693359375,14.458036422729492,10.052201271057129,3.8299999237060547,1.659999966621399,11.470000267028809,4.789999961853027,1.2799999713897705,3.319999933242798,0.2849999964237213,1.3700000047683716,2.2051258087158203,0.30000001192092896,0.27000001072883606,0.5799999833106995,0.0860000029206276,0.2240000069141388,0.09300000220537186,0.08500000089406967,0.23499999940395355
2026-02-12 00:00:00+08:00,30.81435775756836,14.203182220458984,10.032374382019043,3.9800000190734863,1.7000000476837158,11.550000190734863,4.679999828338623,1.2300000190734863,3.309999942779541,0.2800000011920929,1.3899999856948853,2.195281505584717,0.29499998688697815,0.2549999952316284,0.5799999833106995,0.07999999821186066,0.210999995470047,0.09200000017881393,0.0860000029206276,0.22100000083446503
2026-02-13 00:00:00+08:00,30.038175582885742,14.026745796203613,9.943153381347656,3.9800000190734863,1.690000057220459,11.260000228881836,4.690000057220459,1.2400000095367432,3.2899999618530273,0.2800000011920929,1.3899999856948853,2.1854372024536133,0.2849999964237213,0.25,0.5699999928474426,0.07800000160932541,0.20499999821186066,0.09300000220537186,0.08799999952316284,0.20999999344348907
2026-02-16 00:00:00+08:00,30.19341278076172,14.00714111328125,9.903499603271484,3.869999885559082,1.659999966621399,11.069999694824219,4.619999885559082,1.2200000286102295,3.3499999046325684,0.28999999165534973,1.409999966621399,2.1854372024536133,0.2849999964237213,0.24500000476837158,0.5600000023841858,0.08100000023841858,0.20000000298023224,0.09399999678134918,0.08799999952316284,0.2029999941587448
2026-02-20 00:00:00+08:00,30.232221603393555,13.928725242614746,9.873760223388672,3.859999895095825,1.6299999952316284,11.109999656677246,4.570000171661377,1.2699999809265137,3.2799999713897705,0.28999999165534973,1.399999976158142,2.2051258087158203,0.2750000059604645,0.24799999594688416,0.5699999928474426,0.08100000023841858,0.19599999487400055,0.09200000017881393,0.08399999886751175,0.18199999630451202
2026-02-23 00:00:00+08:00,31.241256713867188,14.065954208374023,10.052201271057129,3.8299999237060547,1.659999966621399,11.020000457763672,4.599999904632568,1.309999942779541,3.309999942779541,0.32499998807907104,1.4199999570846558,2.234658718109131,0.28999999165534973,0.25999999046325684,0.5799999833106995,0.08399999886751175,0.2199999988079071,0.09300000220537186,0.08900000154972076,0.1889999955892563
2026-02-24 00:00:00+08:00,30.911378860473633,13.918922424316406,9.705231666564941,3.809999942779541,1.6100000143051147,10.920000076293945,4.579999923706055,1.2400000095367432,3.2699999809265137,0.3100000023841858,1.340000033378601,2.1362156867980957,0.28999999165534973,0.2549999952316284,0.5600000023841858,0.08299999684095383,0.20999999344348907,0.09200000017881393,0.08799999952316284,0.1860000044107437
2026-02-25 00:00:00+08:00,31.609943389892578,14.193380355834961,10.151334762573242,3.8499999046325684,1.6399999856948853,11.100000381469727,4.730000019073486,1.2799999713897705,3.3299999237060547,0.33000001311302185,1.3600000143051147,2.1657485961914062,0.29499998688697815,0.26499998569488525,0.550000011920929,0.08799999952316284,0.20600000023841858,0.09099999815225601,0.08900000154972076,0.19200000166893005
2026-02-26 00:00:00+08:00,30.930782318115234,14.203182220458984,9.913414001464844,3.7899999618530273,1.5700000524520874,10.670000076293945,4.670000076293945,1.2400000095367432,3.2699999809265137,0.33000001311302185,1.3300000429153442,2.0968384742736816,0.2800000011920929,0.2549999952316284,0.550000011920929,0.08399999886751175,0.19699999690055847,0.09099999815225601,0.08799999952316284,0.18299999833106995
2026-02-27 00:00:00+08:00,30.83376121520996,14.065954208374023,9.863845825195312,3.759999990463257,1.590000033378601,10.460000038146973,4.599999904632568,1.25,3.2200000286102295,0.35499998927116394,1.2899999618530273,2.0771496295928955,0.28999999165534973,0.25,0.550000011920929,0.0860000029206276,0.20000000298023224,0.09099999815225601,0.08900000154972076,0.1899999976158142
2026-03-02 00:00:00+08:00,30.32924461364746,13.771892547607422,9.625924110412598,3.5299999713897705,1.5499999523162842,10.15999984741211,4.480000019073486,1.1299999952316284,3.059999942779541,0.3199999928474426,1.2699999809265137,2.0574610233306885,0.2849999964237213,0.24899999797344208,0.5,0.07900000363588333,0.17399999499320984,0.08900000154972076,0.08500000089406967,0.1770000010728836
2026-03-03 00:00:00+08:00,29.65008544921875,13.3994140625,9.288867950439453,3.390000104904175,1.4800000190734863,10.0600004196167,4.369999885559082,1.0800000429153442,3.0199999809265137,0.30000001192092896,1.2799999713897705,1.9983952045440674,0.27000001072883606,0.24500000476837158,0.49000000953674316,0.07599999755620956,0.17299999296665192,0.08699999749660492,0.08100000023841858,0.17299999296665192
2026-03-04 00:00:00+08:00,29.067949295043945,13.183768272399902,9.150080680847168,3.4700000286102295,1.4900000095367432,9.859999656677246,4.369999885559082,1.100000023841858,3.0,0.30000001192092896,1.3300000429153442,1.9787065982818604,0.27000001072883606,0.23899999260902405,0.5099999904632568,0.07999999821186066,0.1809999942779541,0.08699999749660492,0.07999999821186066,0.1679999977350235
2026-03-05 00:00:00+08:00,29.281400680541992,13.203372955322266,9.199647903442383,3.4600000381469727,1.440000057220459,9.880000114440918,4.360000133514404,1.1100000143051147,2.9700000286102295,0.30000001192092896,1.3200000524520874,1.9885509014129639,0.2750000059604645,0.23999999463558197,0.5199999809265137,0.07900000363588333,0.17900000512599945,0.08699999749660492,0.08100000023841858,0.16500000655651093
2026-03-06 00:00:00+08:00,29.999366760253906,13.32099723815918,9.18973445892334,3.490000009536743,1.4500000476837158,10.020000457763672,4.380000114440918,1.1200000047683716,3.0,0.3050000071525574,1.2999999523162842,1.9688622951507568,0.2849999964237213,0.24300000071525574,0.5199999809265137,0.07999999821186066,0.18000000715255737,0.0860000029206276,0.08399999886751175,0.16899999976158142
2026-03-09 00:00:00+08:00,29.921749114990234,13.115154266357422,8.981553077697754,3.440000057220459,1.4500000476837158,9.890000343322754,4.21999979019165,1.1200000047683716,2.950000047683716,0.3100000023841858,1.309999942779541,1.9491736888885498,0.2800000011920929,0.23999999463558197,0.5199999809265137,0.07699999958276749,0.17800000309944153,0.08500000089406967,0.07999999821186066,0.1459999978542328
2026-03-10 00:00:00+08:00,29.68889617919922,13.036737442016602,9.080686569213867,3.430000066757202,1.4700000286102295,10.050000190734863,4.239999771118164,1.1200000047683716,2.9600000381469727,0.3050000071525574,1.2999999523162842,1.9590179920196533,0.2800000011920929,0.24199999868869781,0.5199999809265137,0.07900000363588333,0.18299999833106995,0.08500000089406967,0.0820000022649765,0.15299999713897705
2026-03-11 00:00:00+08:00,29.727703094482422,12.938716888427734,9.130253791809082,3.4100000858306885,1.5,10.329999923706055,4.239999771118164,1.1200000047683716,2.9800000190734863,0.3050000071525574,1.2999999523162842,1.9491736888885498,0.2800000011920929,0.24500000476837158,0.5299999713897705,0.0729999989271164,0.18000000715255737,0.08299999684095383,0.0820000022649765,0.16500000655651093
2026-03-12 00:00:00+08:00,29.3978271484375,12.644655227661133,9.229388236999512,3.380000114440918,1.4800000190734863,10.390000343322754,4.190000057220459,1.100000023841858,3.0,0.3050000071525574,1.309999942779541,1.9393293857574463,0.2750000059604645,0.2549999952316284,0.5400000214576721,0.0689999982714653,0.17800000309944153,0.08100000023841858,0.08100000023841858,0.16099999845027924
2026-03-13 00:00:00+08:00,29.184377670288086,12.546634674072266,9.09060001373291,3.369999885559082,1.440000057220459,10.34000015258789,4.159999847412109,1.159999966621399,2.950000047683716,0.3100000023841858,1.3200000524520874,1.8999520540237427,0.2800000011920929,0.25,0.5299999713897705,0.07000000029802322,0.17900000512599945,0.07900000363588333,0.07800000160932541,0.16200000047683716
2026-03-16 00:00:00+08:00,29.611278533935547,12.791686058044434,9.0,3.380000114440918,1.4700000286102295,10.859999656677246,4.21999979019165,1.1699999570846558,2.9700000286102295,0.3100000023841858,1.340000033378601,1.9491736888885498,0.27000001072883606,0.25,0.5199999809265137,0.07199999690055847,0.17800000309944153,0.07599999755620956,0.0820000022649765,0.16500000655651093
2026-03-17 00:00:00+08:00,30.174007415771484,13.154362678527832,9.399999618530273,3.440000057220459,1.4500000476837158,10.84000015258789,4.28000020980835,1.2100000381469727,3.0,0.3149999976158142,1.340000033378601,1.9393293857574463,0.27000001072883606,0.25,0.5299999713897705,0.07599999755620956,0.1770000010728836,0.07900000363588333,0.08399999886751175,0.16099999845027924
2026-03-18 00:00:00+08:00,29.572467803955078,12.77208137512207,9.039999961853027,3.3399999141693115,1.409999966621399,10.449999809265137,4.139999866485596,1.1699999570846558,2.940000057220459,0.3100000023841858,1.2999999523162842,1.8802634477615356,0.2750000059604645,0.24400000274181366,0.5299999713897705,0.07599999755620956,0.18299999833106995,0.07999999821186066,0.07900000363588333,0.1599999964237213
2026-03-19 00:00:00+08:00,28.64105224609375,12.340791702270508,8.680000305175781,3.2699999809265137,1.350000023841858,9.869999885559082,4.050000190734863,1.159999966621399,2.859999895095825,0.30000001192092896,1.309999942779541,1.811353325843811,0.27000001072883606,0.24899999797344208,0.5099999904632568,0.07599999755620956,0.17599999904632568,0.07999999821186066,0.07800000160932541,0.1599999964237213
2026-03-20 00:00:00+08:00,28.505220413208008,12.13494873046875,8.59000015258789,3.1500000953674316,1.350000023841858,9.65999984741211,3.9800000190734863,1.1699999570846558,2.7300000190734863,0.3149999976158142,1.2999999523162842,1.811353325843811,0.27000001072883606,0.23600000143051147,0.4749999940395355,0.07400000095367432,0.17599999904632568,0.07699999958276749,0.07800000160932541,0.1550000011920929
2026-03-23 00:00:00+08:00,27.65142250061035,11.654647827148438,8.15999984741211,3.0,1.3300000429153442,9.239999771118164,3.859999895095825,1.100000023841858,2.640000104904175,0.30000001192092896,1.2799999713897705,1.762131690979004,0.2549999952316284,0.23600000143051147,0.4099999964237213,0.07000000029802322,0.16899999976158142,0.07900000363588333,0.07500000298023224,0.15199999511241913
2026-03-24 00:00:00+08:00,27.9036808013916,11.821282386779785,8.279999732971191,3.0299999713897705,1.340000033378601,9.359999656677246,3.869999885559082,1.1200000047683716,2.740000009536743,0.3199999928474426,1.2999999523162842,1.7719759941101074,0.25999999046325684,0.23499999940395355,0.41999998688697815,0.07199999690055847,0.1720000058412552,0.07800000160932541,0.07699999958276749,0.15600000321865082
2026-03-25 00:00:00+08:00,27.942489624023438,11.762470245361328,8.279999732971191,3.0299999713897705,1.3899999856948853,9.380000114440918,3.9000000953674316,1.1200000047683716,2.740000009536743,0.3400000035762787,1.3200000524520874,1.781820297241211,0.25999999046325684,0.2370000034570694,0.41499999165534973,0.07199999690055847,0.17599999904632568,0.08100000023841858,0.09799999743700027,0.15399999916553497
2026-03-26 00:00:00+08:00,27.127498626708984,11.644845008850098,8.050000190734863,2.990000009536743,1.3300000429153442,9.220000267028809,3.819999933242798,1.059999942779541,2.690000057220459,0.32499998807907104,1.309999942779541,1.7522873878479004,0.25,0.23600000143051147,0.38999998569488525,0.07199999690055847,0.17299999296665192,0.07999999821186066,0.09399999678134918,0.15299999713897705
2026-03-27 00:00:00+08:00,27.069286346435547,11.664448738098145,7.75,2.9700000286102295,1.340000033378601,9.260000228881836,3.8399999141693115,1.059999942779541,2.700000047683716,0.3199999928474426,1.2999999523162842,1.7424430847167969,0.25,0.2329999953508377,0.38999998569488525,0.07199999690055847,0.16899999976158142,0.07800000160932541,0.08799999952316284,0.15600000321865082
2026-03-30 00:00:00+08:00,27.302141189575195,11.44880485534668,7.690000057220459,2.9000000953674316,1.3200000524520874,9.119999885559082,3.8399999141693115,1.0499999523162842,2.630000114440918,0.3199999928474426,1.2799999713897705,1.7424430847167969,0.24500000476837158,0.23000000417232513,0.4000000059604645,0.07199999690055847,0.17499999701976776,0.07699999958276749,0.08799999952316284,0.15199999511241913
2026-03-31 00:00:00+08:00,27.78725242614746,11.321377754211426,7.550000190734863,2.9100000858306885,1.2899999618530273,8.729999542236328,3.7699999809265137,1.0499999523162842,2.640000104904175,0.3149999976158142,1.2699999809265137,1.7227544784545898,0.24500000476837158,0.23000000417232513,0.39500001072883606,0.06599999964237213,0.17100000381469727,0.07500000298023224,0.08900000154972076,0.15700000524520874
2026-04-01 00:00:00+08:00,28.291770935058594,11.635043144226074,7.909999847412109,2.9800000190734863,1.3200000524520874,8.59000015258789,3.7300000190734863,1.059999942779541,2.640000104904175,0.3199999928474426,1.2899999618530273,1.791664719581604,0.2409999966621399,0.2370000034570694,0.38499999046325684,0.07199999690055847,0.17800000309944153,0.07599999755620956,0.09200000017881393,0.15600000321865082
2026-04-02 00:00:00+08:00,27.864870071411133,11.43900203704834,7.619999885559082,2.880000114440918,1.3300000429153442,8.40999984741211,3.700000047683716,1.0399999618530273,2.640000104904175,0.3100000023841858,1.2699999809265137,1.791664719581604,0.23999999463558197,0.2370000034570694,0.36500000953674316,0.07000000029802322,0.17399999499320984,0.07599999755620956,0.09099999815225601,0.15600000321865082
2026-04-08 00:00:00+08:00,28.58283805847168,11.752667427062988,7.869999885559082,2.9800000190734863,1.3799999952316284,8.670000076293945,3.740000009536743,1.059999942779541,2.640000104904175,0.3149999976158142,1.2999999523162842,1.8704191446304321,0.24199999868869781,0.24500000476837158,0.375,0.07100000232458115,0.17299999296665192,0.07599999755620956,0.08900000154972076,0.16099999845027924
2026-04-09 00:00:00+08:00,28.505220413208008,11.497814178466797,7.429999828338623,2.9100000858306885,1.3700000047683716,8.34000015258789,3.619999885559082,1.0399999618530273,2.640000104904175,0.3050000071525574,1.2799999713897705,1.8704191446304321,0.23800000548362732,0.23199999332427979,0.36500000953674316,0.07000000029802322,0.17299999296665192,0.07500000298023224,0.08699999749660492,0.16300000250339508
2026-04-10 00:00:00+08:00,28.544029235839844,11.693856239318848,7.679999828338623,2.9200000762939453,1.399999976158142,8.350000381469727,3.640000104904175,1.0399999618530273,2.640000104904175,0.3050000071525574,1.2999999523162842,1.8704191446304321,0.23499999940395355,0.23199999332427979,0.39500001072883606,0.06800000369548798,0.1720000058412552,0.0729999989271164,0.08299999684095383,0.17499999701976776
2026-04-13 00:00:00+08:00,28.60224151611328,11.772272109985352,7.659999847412109,2.9200000762939453,1.409999966621399,8.579999923706055,3.5999999046325684,1.0399999618530273,2.640000104904175,0.3050000071525574,1.2699999809265137,1.850730538368225,0.23499999940395355,0.23199999332427979,0.38499999046325684,0.06800000369548798,0.17000000178813934,0.06800000369548798,0.0820000022649765,0.1679999977350235
2026-04-14 00:00:00+08:00,30.038175582885742,12.05653190612793,8.100000381469727,3.0199999809265137,1.5099999904632568,9.180000305175781,3.7300000190734863,1.0700000524520874,2.640000104904175,0.29499998688697815,1.2799999713897705,1.9294850826263428,0.23800000548362732,0.2370000034570694,0.4000000059604645,0.07000000029802322,0.17399999499320984,0.07000000029802322,0.08299999684095383,0.16699999570846558
2026-04-15 00:00:00+08:00,29.76651382446289,12.09574031829834,8.079999923706055,3.0,1.5700000524520874,9.199999809265137,3.7300000190734863,1.059999942779541,2.640000104904175,0.29499998688697815,1.2699999809265137,1.9294850826263428,0.23999999463558197,0.24400000274181366,0.4000000059604645,0.0689999982714653,0.17299999296665192,0.0689999982714653,0.08100000023841858,0.17900000512599945
2026-04-16 00:00:00+08:00,30.309839248657227,12.272177696228027,8.25,3.049999952316284,1.5499999523162842,9.119999885559082,3.759999990463257,1.059999942779541,2.640000104904175,0.29499998688697815,1.2699999809265137,1.9294850826263428,0.24300000071525574,0.23600000143051147,0.4000000059604645,0.07199999690055847,0.17299999296665192,0.0689999982714653,0.0860000029206276,0.17100000381469727
2026-04-17 00:00:00+08:00,30.406862258911133,12.291781425476074,8.300000190734863,3.069999933242798,1.5499999523162842,9.149999618530273,3.75,1.090000033378601,2.640000104904175,0.29499998688697815,1.2699999809265137,1.9393293857574463,0.24400000274181366,0.22699999809265137,0.38999998569488525,0.07100000232458115,0.17299999296665192,0.07000000029802322,0.08799999952316284,0.164000004529953
2026-04-20 00:00:00+08:00,30.46507453918457,12.370197296142578,8.279999732971191,3.049999952316284,1.559999942779541,9.260000228881836,3.75,1.1200000047683716,2.640000104904175,0.30000001192092896,1.2599999904632568,1.9097964763641357,0.24300000071525574,0.23800000548362732,0.39500001072883606,0.07100000232458115,0.17399999499320984,0.07599999755620956,0.09000000357627869,0.16899999976158142
2026-04-21 00:00:00+08:00,30.969593048095703,12.419207572937012,8.350000381469727,3.0299999713897705,1.6299999952316284,9.5,3.7899999618530273,1.1200000047683716,2.640000104904175,0.29499998688697815,1.2599999904632568,1.9196407794952393,0.24400000274181366,0.2409999966621399,0.38999998569488525,0.07199999690055847,0.17299999296665192,0.07599999755620956,0.09000000357627869,0.1679999977350235
2026-04-22 00:00:00+08:00,31.532323837280273,12.380000114440918,8.210000038146973,2.9800000190734863,1.600000023841858,9.34000015258789,3.7899999618530273,1.090000033378601,2.640000104904175,0.2849999964237213,1.2400000095367432,1.8999520540237427,0.24199999868869781,0.24199999868869781,0.3799999952316284,0.07500000298023224,0.17000000178813934,0.07500000298023224,0.08100000023841858,0.16699999570846558
2026-04-23 00:00:00+08:00,31.299467086791992,12.291781425476074,8.210000038146973,2.9000000953674316,1.5499999523162842,9.050000190734863,3.680000066757202,1.0800000429153442,2.640000104904175,0.28999999165534973,1.2400000095367432,1.850730538368225,0.23499999940395355,0.23600000143051147,0.38999998569488525,0.07000000029802322,0.1679999977350235,0.0729999989271164,0.08100000023841858,0.164000004529953
2026-04-24 00:00:00+08:00,31.241256713867188,12.13494873046875,8.239999771118164,2.890000104904175,1.5700000524520874,9.119999885559082,3.6600000858306885,1.0700000524520874,2.640000104904175,0.2800000011920929,1.2200000286102295,1.8408862352371216,0.23399999737739563,0.23399999737739563,0.38499999046325684,0.07000000029802322,0.16699999570846558,0.07199999690055847,0.07999999821186066,0.16599999368190765
2026-04-27 00:00:00+08:00,30.44567108154297,12.16435432434082,8.079999923706055,2.8499999046325684,1.5199999809265137,9.0600004196167,3.6600000858306885,1.0499999523162842,2.640000104904175,0.2800000011920929,1.2300000190734863,1.8211976289749146,0.23199999332427979,0.2290000021457672,0.375,0.0689999982714653,0.16699999570846558,0.0689999982714653,0.07900000363588333,0.16099999845027924
2026-04-28 00:00:00+08:00,30.01877212524414,12.01732349395752,7.909999847412109,2.8399999141693115,1.5,9.09000015258789,3.680000066757202,1.0700000524520874,2.640000104904175,0.2750000059604645,1.2200000286102295,1.8211976289749146,0.2329999953508377,0.2240000069141388,0.36500000953674316,0.07000000029802322,0.16300000250339508,0.06800000369548798,0.07800000160932541,0.1589999943971634
2026-04-29 00:00:00+08:00,31.978626251220703,13.085748672485352,8.25,3.0399999618530273,1.6699999570846558,9.720000267028809,3.9100000858306885,1.1100000143051147,2.640000104904175,0.2849999964237213,1.2300000190734863,1.9590179920196533,0.23800000548362732,0.2329999953508377,0.36500000953674316,0.07000000029802322,0.1720000058412552,0.0689999982714653,0.07800000160932541,0.16599999368190765
2026-04-30 00:00:00+08:00,31.532323837280273,13.017132759094238,8.020000457763672,2.990000009536743,1.659999966621399,9.630000114440918,3.869999885559082,1.149999976158142,2.640000104904175,0.28999999165534973,1.2200000286102295,1.8999520540237427,0.23999999463558197,0.23800000548362732,0.36000001430511475,0.07000000029802322,0.16500000655651093,0.0689999982714653,0.07599999755620956,0.1599999964237213
2026-05-04 00:00:00+08:00,32.05624771118164,13.526841163635254,8.130000114440918,3.1600000858306885,1.6799999475479126,9.680000305175781,3.9000000953674316,1.159999966621399,2.640000104904175,0.2800000011920929,1.2699999809265137,1.9097964763641357,0.25,0.23499999940395355,0.36000001430511475,0.0689999982714653,0.16200000047683716,0.06800000369548798,0.07599999755620956,0.16599999368190765
2026-05-05 00:00:00+08:00,32.13386154174805,13.713079452514648,8.079999923706055,3.200000047683716,1.6799999475479126,9.630000114440918,3.869999885559082,1.159999966621399,2.640000104904175,0.27000001072883606,1.2999999523162842,1.9097964763641357,0.2549999952316284,0.23499999940395355,0.36000001430511475,0.07000000029802322,0.16099999845027924,0.06700000166893005,0.07599999755620956,0.16599999368190765
2026-05-06 00:00:00+08:00,34.28776168823242,14.673681259155273,8.460000038146973,3.1500000953674316,1.809999942779541,10.220000267028809,4.179999828338623,1.1699999570846558,2.640000104904175,0.27000001072883606,1.25,2.0377724170684814,0.25,0.2370000034570694,0.36000001430511475,0.07000000029802322,0.164000004529953,0.06800000369548798,0.07500000298023224,0.16500000655651093
2026-05-07 00:00:00+08:00,34.44300079345703,15.173585891723633,8.670000076293945,3.1700000762939453,1.8799999952316284,10.350000381469727,4.340000152587891,1.1399999856948853,2.640000104904175,0.2800000011920929,1.2300000190734863,2.274035930633545,0.24899999797344208,0.2370000034570694,0.36000001430511475,0.06800000369548798,0.164000004529953,0.06800000369548798,0.07400000095367432,0.16300000250339508
2026-05-08 00:00:00+08:00,35.66548156738281,15.604876518249512,9.149999618530273,3.1600000858306885,1.9299999475479126,10.949999809265137,4.539999961853027,1.159999966621399,2.640000104904175,0.27000001072883606,1.2599999904632568,2.293724536895752,0.24400000274181366,0.23600000143051147,0.375,0.0689999982714653,0.16300000250339508,0.07000000029802322,0.0729999989271164,0.15800000727176666
2026-05-11 00:00:00+08:00,37.25665283203125,16.045970916748047,9.920000076293945,3.2200000286102295,2.0,10.989999771118164,4.650000095367432,1.159999966621399,2.640000104904175,0.2750000059604645,1.2799999713897705,2.4217007160186768,0.2549999952316284,0.23399999737739563,0.4050000011920929,0.07000000029802322,0.16599999368190765,0.07800000160932541,0.07999999821186066,0.16899999976158142
2026-05-12 00:00:00+08:00,36.984989166259766,15.683293342590332,9.789999961853027,3.25,1.940000057220459,10.9399995803833,4.699999809265137,1.1100000143051147,2.640000104904175,0.27000001072883606,1.2699999809265137,2.4118564128875732,0.24500000476837158,0.2329999953508377,0.4050000011920929,0.07000000029802322,0.1599999964237213,0.07800000160932541,0.07999999821186066,0.16699999570846558
2026-05-13 00:00:00+08:00,37.06260681152344,16.08517837524414,9.680000305175781,3.1600000858306885,1.9299999475479126,10.84000015258789,4.710000038146973,1.059999942779541,2.640000104904175,0.26499998569488525,1.2699999809265137,2.3626348972320557,0.24400000274181366,0.23399999737739563,0.4099999964237213,0.07000000029802322,0.15600000321865082,0.07199999690055847,0.07699999958276749,0.16599999368190765
2026-05-14 00:00:00+08:00,36.4998779296875,16.104782104492188,9.649999618530273,3.109999895095825,1.9199999570846558,10.800000190734863,4.690000057220459,1.0299999713897705,2.640000104904175,0.25999999046325684,1.2699999809265137,2.3035688400268555,0.24199999868869781,0.23100000619888306,0.3799999952316284,0.0689999982714653,0.15299999713897705,0.07199999690055847,0.07800000160932541,0.15700000524520874
2026-05-15 00:00:00+08:00,36.55809020996094,16.183198928833008,9.260000228881836,3.0799999237060547,1.8600000143051147,10.4399995803833,4.659999847412109,1.0399999618530273,2.640000104904175,0.27000001072883606,1.2999999523162842,2.274035930633545,0.24400000274181366,0.23999999463558197,0.41999998688697815,0.0689999982714653,0.1550000011920929,0.0729999989271164,0.07800000160932541,0.16599999368190765
2026-05-18 00:00:00+08:00,34.85049057006836,15.604876518249512,8.539999961853027,2.930000066757202,1.7200000286102295,9.930000305175781,4.400000095367432,1.0,2.640000104904175,0.2549999952316284,1.2899999618530273,2.1755928993225098,0.23600000143051147,0.2280000001192093,0.38999998569488525,0.07000000029802322,0.15199999511241913,0.07100000232458115,0.07400000095367432,0.15800000727176666
2026-05-19 00:00:00+08:00,34.28776168823242,15.575470924377441,8.630000114440918,2.9100000858306885,1.7599999904632568,9.899999618530273,4.400000095367432,1.0099999904632568,2.640000104904175,0.2549999952316284,1.2899999618530273,2.1755928993225098,0.23199999332427979,0.23199999332427979,0.38499999046325684,0.0689999982714653,0.13500000536441803,0.07000000029802322,0.07699999958276749,0.1550000011920929
2026-05-20 00:00:00+08:00,33.82205581665039,15.408836364746094,8.390000343322754,2.809999942779541,1.7300000190734863,9.789999961853027,4.369999885559082,1.0,2.640000104904175,0.25,1.2899999618530273,2.1657485961914062,0.2280000001192093,0.23199999332427979,0.38499999046325684,0.06800000369548798,0.12999999523162842,0.07000000029802322,0.07400000095367432,0.14900000393390656
2026-05-21 00:00:00+08:00,34.054908752441406,15.291211128234863,8.210000038146973,2.700000047683716,1.7000000476837158,9.430000305175781,4.329999923706055,0.9599999785423279,2.640000104904175,0.23000000417232513,1.2799999713897705,2.146059989929199,0.22499999403953552,0.23999999463558197,0.38499999046325684,0.06300000101327896,0.11900000274181366,0.06700000166893005,0.0729999989271164,0.1379999965429306
2026-05-22 00:00:00+08:00,33.86086654663086,15.35002326965332,8.119999885559082,2.680000066757202,1.6699999570846558,9.34000015258789,4.349999904632568,0.9700000286102295,2.640000104904175,0.23399999737739563,1.2999999523162842,2.1362156867980957,0.21699999272823334,0.23899999260902405,0.3799999952316284,0.06300000101327896,0.11900000274181366,0.0689999982714653,0.07000000029802322,0.13899999856948853
2026-05-26 00:00:00+08:00,34.229549407958984,15.124576568603516,8.050000190734863,2.619999885559082,1.75,9.199999809265137,4.349999904632568,0.949999988079071,2.640000104904175,0.23399999737739563,1.2999999523162842,2.106682777404785,0.210999995470047,0.2329999953508377,0.3799999952316284,0.061000000685453415,0.11500000208616257,0.06700000166893005,0.06800000369548798,0.13500000536441803
2026-05-27 00:00:00+08:00,33.802650451660156,14.957941055297852,7.869999885559082,2.549999952316284,1.6799999475479126,9.029999732971191,4.199999809265137,0.8899999856948853,2.640000104904175,0.2160000056028366,1.2799999713897705,2.126371383666992,0.20600000023841858,0.22200000286102295,0.3700000047683716,0.057999998331069946,0.10999999940395355,0.06300000101327896,0.06700000166893005,0.13300000131130219
2026-05-28 00:00:00+08:00,33.453369140625,14.840316772460938,7.480000019073486,2.5399999618530273,1.6799999475479126,8.760000228881836,4.179999828338623,0.8899999856948853,2.640000104904175,0.20900000631809235,1.2799999713897705,2.067305326461792,0.19699999690055847,0.2199999988079071,0.36000001430511475,0.057999998331069946,0.10599999874830246,0.061000000685453415,0.06599999964237213,0.13099999725818634
2026-05-29 00:00:00+08:00,34.26836013793945,15.31081485748291,7.849999904632568,2.7100000381469727,1.7400000095367432,8.869999885559082,4.369999885559082,0.949999988079071,2.640000104904175,0.24300000071525574,1.3200000524520874,2.047616720199585,0.19599999487400055,0.22599999606609344,0.35499998927116394,0.061000000685453415,0.10300000011920929,0.06499999761581421,0.06800000369548798,0.13600000739097595
2026-06-01 00:00:00+08:00,35.33560562133789,15.722502708435059,8.020000457763672,2.7799999713897705,1.75,9.09000015258789,4.590000152587891,0.9700000286102295,2.640000104904175,0.23600000143051147,1.409999966621399,2.106682777404785,0.20000000298023224,0.2240000069141388,0.36000001430511475,0.06499999761581421,0.1080000028014183,0.06800000369548798,0.07100000232458115,0.14499999582767487
2026-06-02 00:00:00+08:00,35.08334732055664,15.9283447265625,8.0,2.7799999713897705,1.7400000095367432,8.869999885559082,4.559999942779541,0.9300000071525574,2.640000104904175,0.22699999809265137,1.440000057220459,2.0771496295928955,0.19900000095367432,0.2329999953508377,0.35499998927116394,0.06499999761581421,0.10899999737739563,0.06700000166893005,0.0689999982714653,0.1509999930858612
2026-06-03 00:00:00+08:00,34.90870666503906,15.879335403442383,7.949999809265137,2.700000047683716,1.7100000381469727,8.9399995803833,4.550000190734863,0.8999999761581421,2.640000104904175,0.21899999678134918,1.440000057220459,2.0574610233306885,0.19900000095367432,0.23499999940395355,0.3499999940395355,0.06300000101327896,0.10400000214576721,0.06300000101327896,0.06800000369548798,0.14499999582767487
2026-06-04 00:00:00+08:00,34.90870666503906,15.742105484008789,7.690000057220459,2.640000104904175,1.649999976158142,8.779999732971191,4.460000038146973,0.8999999761581421,2.640000104904175,0.2150000035762787,1.4500000476837158,2.027928113937378,0.20000000298023224,0.23499999940395355,0.3499999940395355,0.06400000303983688,0.10100000351667404,0.06300000101327896,0.06499999761581421,0.13199999928474426
2026-06-05 00:00:00+08:00,34.85049057006836,15.330419540405273,7.78000020980835,2.619999885559082,1.6100000143051147,8.649999618530273,4.389999866485596,0.8999999761581421,2.640000104904175,0.2160000056028366,1.4500000476837158,1.9983952045440674,0.19599999487400055,0.23499999940395355,0.3199999928474426,0.05999999865889549,0.09700000286102295,0.06300000101327896,0.06499999761581421,0.14499999582767487
2026-06-08 00:00:00+08:00,34.32657241821289,15.261804580688477,7.989999771118164,2.549999952316284,1.5800000429153442,8.430000305175781,4.300000190734863,0.8600000143051147,2.640000104904175,0.21400000154972076,1.4700000286102295,1.9688622951507568,0.1899999976158142,0.2240000069141388,0.30000001192092896,0.057999998331069946,0.08900000154972076,0.06199999898672104,0.06199999898672104,0.14000000059604645
2026-06-09 00:00:00+08:00,34.44300079345703,15.222596168518066,7.989999771118164,2.549999952316284,1.5700000524520874,8.260000228881836,4.320000171661377,0.8500000238418579,2.640000104904175,0.21199999749660492,1.5199999809265137,1.9196407794952393,0.19499999284744263,0.22300000488758087,0.29499998688697815,0.057999998331069946,0.0820000022649765,0.05999999865889549,0.06199999898672104,0.14100000262260437
2026-06-10 00:00:00+08:00,34.90870666503906,15.2716064453125,8.199999809265137,2.5999999046325684,1.5700000524520874,8.350000381469727,4.349999904632568,0.8500000238418579,2.640000104904175,0.210999995470047,1.5299999713897705,1.9097964763641357,0.1979999989271164,0.21899999678134918,0.2849999964237213,0.054999999701976776,0.08100000023841858,0.05999999865889549,0.05999999865889549,0.13899999856948853
2026-06-11 00:00:00+08:00,35.78190994262695,15.31081485748291,8.550000190734863,2.619999885559082,1.559999942779541,8.3100004196167,4.300000190734863,0.8399999737739563,2.640000104904175,0.21299999952316284,1.4800000190734863,1.8704191446304321,0.20200000703334808,0.2199999988079071,0.29499998688697815,0.050999999046325684,0.0860000029206276,0.05900000035762787,0.05999999865889549,0.1340000033378601
2026-06-12 00:00:00+08:00,36.16999816894531,15.37942886352539,8.75,2.640000104904175,1.600000023841858,8.399999618530273,4.449999809265137,0.8399999737739563,2.640000104904175,0.21199999749660492,1.5299999713897705,1.9097964763641357,0.1979999989271164,0.2199999988079071,0.2750000059604645,0.050999999046325684,0.0860000029206276,0.05700000002980232,0.061000000685453415,0.1340000033378601
2026-06-15 00:00:00+08:00,36.08000183105469,15.32061767578125,8.430000305175781,2.630000114440918,1.5800000429153442,8.270000457763672,4.360000133514404,0.8299999833106995,2.640000104904175,0.20900000631809235,1.5700000524520874,1.8901077508926392,0.19499999284744263,0.2280000001192093,0.27000001072883606,0.04899999871850014,0.09200000017881393,0.057999998331069946,0.05999999865889549,0.12999999523162842
2026-06-16 00:00:00+08:00,35.13999938964844,14.987347602844238,7.679999828338623,2.549999952316284,1.4800000190734863,7.840000152587891,4.21999979019165,0.7699999809265137,2.640000104904175,0.20000000298023224,1.4900000095367432,1.850730538368225,0.1899999976158142,0.22499999403953552,0.2549999952316284,0.04600000008940697,0.08799999952316284,0.054999999701976776,0.054999999701976776,0.13099999725818634
2026-06-17 00:00:00+08:00,34.619998931884766,14.605066299438477,7.53000020980835,2.5399999618530273,1.4800000190734863,7.739999771118164,4.039999961853027,0.7799999713897705,2.640000104904175,0.20200000703334808,1.4700000286102295,1.781820297241211,0.1809999942779541,0.22699999809265137,0.2549999952316284,0.04600000008940697,0.08500000089406967,0.054999999701976776,0.05299999937415123,0.12999999523162842
2026-06-18 00:00:00+08:00,32.08000183105469,13.29159164428711,7.019999980926514,2.4200000762939453,1.3899999856948853,7.21999979019165,3.7899999618530273,0.7200000286102295,2.640000104904175,0.19900000095367432,1.4800000190734863,1.6439999341964722,0.16899999976158142,0.21799999475479126,0.2460000067949295,0.04399999976158142,0.0820000022649765,0.05400000140070915,0.052000001072883606,0.12700000405311584
2026-06-22 00:00:00+08:00,31.18000030517578,12.870102882385254,6.599999904632568,2.4700000286102295,1.350000023841858,6.96999979019165,3.7100000381469727,0.7200000286102295,2.640000104904175,0.1940000057220459,1.440000057220459,1.659999966621399,0.164000004529953,0.21899999678134918,0.23800000548362732,0.04500000178813934,0.07900000363588333,0.05299999937415123,0.04899999871850014,0.12200000137090683
2026-06-23 00:00:00+08:00,30.420000076293945,12.683862686157227,6.340000152587891,2.4000000953674316,1.309999942779541,6.820000171661377,3.5899999141693115,0.7300000190734863,2.640000104904175,0.1889999955892563,1.440000057220459,1.6399999856948853,0.15700000524520874,0.21799999475479126,0.23000000417232513,0.0430000014603138,0.07800000160932541,0.052000001072883606,0.05000000074505806,0.11500000208616257
2026-06-24 00:00:00+08:00,30.799999237060547,12.507426261901855,6.260000228881836,2.309999942779541,1.309999942779541,6.610000133514404,3.4700000286102295,0.7099999785423279,2.640000104904175,0.18400000035762787,1.4600000381469727,1.6100000143051147,0.15199999511241913,0.2150000035762787,0.22699999809265137,0.041999999433755875,0.07800000160932541,0.052000001072883606,0.04800000041723251,0.10999999940395355
2026-06-25 00:00:00+08:00,30.239999771118164,12.380000114440918,6.099999904632568,2.25,1.2699999809265137,6.53000020980835,3.4000000953674316,0.699999988079071,2.640000104904175,0.17399999499320984,1.4299999475479126,1.6100000143051147,0.16200000047683716,0.20100000500679016,0.2199999988079071,0.04100000113248825,0.07199999690055847,0.04899999871850014,0.04399999976158142,0.10999999940395355
2026-06-26 00:00:00+08:00,30.15999984741211,12.170000076293945,6.03000020980835,2.200000047683716,1.25,6.409999847412109,3.3499999046325684,0.6800000071525574,2.640000104904175,0.17000000178813934,1.4199999570846558,1.590000033378601,0.15299999713897705,0.18199999630451202,0.20399999618530273,0.03999999910593033,0.07100000232458115,0.050999999046325684,0.04500000178813934,0.10599999874830246
2026-06-29 00:00:00+08:00,30.540000915527344,12.199999809265137,6.110000133514404,2.2100000381469727,1.2599999904632568,6.809999942779541,3.369999885559082,0.6700000166893005,2.640000104904175,0.16899999976158142,1.4299999475479126,1.590000033378601,0.14800000190734863,0.19499999284744263,0.2199999988079071,0.04500000178813934,0.07599999755620956,0.050999999046325684,0.05000000074505806,0.10199999809265137
2026-06-30 00:00:00+08:00,30.0,12.0600004196167,5.980000019073486,2.119999885559082,1.2300000190734863,6.760000228881836,3.3399999141693115,0.6200000047683716,2.640000104904175,0.16699999570846558,1.4500000476837158,1.5700000524520874,0.14300000667572021,0.18400000035762787,0.20999999344348907,0.04399999976158142,0.0729999989271164,0.05000000074505806,0.04699999839067459,0.10100000351667404
2026-07-02 00:00:00+08:00,31.059999465942383,12.390000343322754,6.010000228881836,2.2300000190734863,1.2899999618530273,6.909999847412109,3.4700000286102295,0.6399999856948853,2.640000104904175,0.17299999296665192,1.4199999570846558,1.6100000143051147,0.14100000262260437,0.20800000429153442,0.2199999988079071,0.04399999976158142,0.07900000363588333,0.050999999046325684,0.04800000041723251,0.10300000011920929
2026-07-03 00:00:00+08:00,31.1200008392334,12.520000457763672,6.210000038146973,2.3399999141693115,1.3200000524520874,7.039999961853027,3.549999952316284,0.6499999761581421,2.640000104904175,0.18799999356269836,1.409999966621399,1.5199999809265137,0.15800000727176666,0.210999995470047,0.22499999403953552,0.0430000014603138,0.08500000089406967,0.05400000140070915,0.054999999701976776,0.10400000214576721
2026-07-06 00:00:00+08:00,32.13999938964844,12.539999961853027,6.440000057220459,2.309999942779541,1.3700000047683716,7.150000095367432,3.619999885559082,0.6200000047683716,2.640000104904175,0.18400000035762787,1.3700000047683716,1.5199999809265137,0.15299999713897705,0.20999999344348907,0.21899999678134918,0.0430000014603138,0.09099999815225601,0.050999999046325684,0.054999999701976776,0.10599999874830246
2026-07-07 00:00:00+08:00,31.5,12.359999656677246,6.210000038146973,2.2200000286102295,1.340000033378601,6.880000114440918,3.509999990463257,0.5799999833106995,2.640000104904175,0.17800000309944153,1.3799999952316284,1.4700000286102295,0.15000000596046448,0.20999999344348907,0.2160000056028366,0.03999999910593033,0.0820000022649765,0.050999999046325684,0.054999999701976776,0.10300000011920929
2026-07-08 00:00:00+08:00,32.29999923706055,12.890000343322754,6.309999942779541,2.2699999809265137,1.340000033378601,7.03000020980835,3.5899999141693115,0.5899999737739563,2.640000104904175,0.1860000044107437,1.3799999952316284,1.5199999809265137,0.15000000596046448,0.210999995470047,0.21799999475479126,0.03999999910593033,0.07900000363588333,0.050999999046325684,0.05000000074505806,0.10999999940395355
2026-07-09 00:00:00+08:00,31.639999389648438,12.539999961853027,6.039999961853027,2.259999990463257,1.2899999618530273,6.71999979019165,3.4600000381469727,0.5799999833106995,2.640000104904175,0.19099999964237213,1.3899999856948853,1.4600000381469727,0.15000000596046448,0.20800000429153442,0.21699999272823334,0.03700000047683716,0.07900000363588333,0.04899999871850014,0.04899999871850014,0.10400000214576721
2026-07-10 00:00:00+08:00,32.18000030517578,12.90999984741211,6.099999904632568,2.3499999046325684,1.2899999618530273,6.789999961853027,3.5,0.6000000238418579,2.640000104904175,0.19200000166893005,1.4299999475479126,1.4800000190734863,0.15199999511241913,0.21400000154972076,0.23000000417232513,0.035999998450279236,0.07699999958276749,0.04899999871850014,0.04800000041723251,0.10499999672174454
2026-07-13 00:00:00+08:00,32.70000076293945,13.100000381469727,6.300000190734863,2.299999952316284,1.2899999618530273,6.940000057220459,3.490000009536743,0.5600000023841858,2.640000104904175,0.1860000044107437,1.4500000476837158,1.4900000095367432,0.1509999930858612,0.20999999344348907,0.21899999678134918,0.03400000184774399,0.07400000095367432,0.04800000041723251,0.04100000113248825,0.10300000011920929
2026-07-14 00:00:00+08:00,33.439998626708984,12.920000076293945,6.420000076293945,2.3399999141693115,1.2899999618530273,7.079999923706055,3.509999990463257,0.550000011920929,2.640000104904175,0.18799999356269836,1.409999966621399,1.5199999809265137,0.14900000393390656,0.20399999618530273,0.21899999678134918,0.03400000184774399,0.0689999982714653,0.04800000041723251,0.041999999433755875,0.10100000351667404
2026-07-15 00:00:00+08:00,33.63999938964844,13.079999923706055,6.559999942779541,2.4000000953674316,1.3700000047683716,7.170000076293945,3.6700000762939453,0.5600000023841858,2.640000104904175,0.18700000643730164,1.399999976158142,1.5499999523162842,0.1509999930858612,0.2029999941587448,0.24500000476837158,0.03500000014901161,0.07000000029802322,0.04800000041723251,0.0430000014603138,0.10499999672174454
2026-07-16 00:00:00+08:00,34.619998931884766,13.5600004196167,6.789999961853027,2.509999990463257,1.3899999856948853,7.329999923706055,3.759999990463257,0.5799999833106995,2.640000104904175,0.19099999964237213,1.4199999570846558,1.559999942779541,0.1550000011920929,0.20800000429153442,0.23499999940395355,0.03799999877810478,0.07000000029802322,0.05000000074505806,0.0430000014603138,0.10499999672174454
2026-07-17 00:00:00+08:00,33.720001220703125,13.369999885559082,6.670000076293945,2.4800000190734863,1.350000023841858,7.260000228881836,3.6600000858306885,0.5299999713897705,2.640000104904175,0.17900000512599945,1.3899999856948853,1.5,0.14800000190734863,0.20499999821186066,0.2329999953508377,0.03500000014901161,0.06700000166893005,0.04800000041723251,0.03999999910593033,0.10199999809265137
2026-07-20 00:00:00+08:00,34.47999954223633,13.65999984741211,6.710000038146973,2.440000057220459,1.3799999952316284,7.369999885559082,3.7200000286102295,0.5299999713897705,2.640000104904175,0.17800000309944153,1.3899999856948853,1.5199999809265137,0.15299999713897705,0.2029999941587448,0.2240000069141388,0.03700000047683716,0.06599999964237213,0.04699999839067459,0.041999999433755875,0.10999999940395355
2026-07-21 00:00:00+08:00,33.52000045776367,13.510000228881836,6.75,2.4000000953674316,1.3700000047683716,7.300000190734863,3.700000047683716,0.5400000214576721,2.640000104904175,0.18000000715255737,1.3799999952316284,1.5199999809265137,0.14800000190734863,0.20000000298023224,0.21799999475479126,0.039000000804662704,0.06800000369548798,0.04699999839067459,0.03799999877810478,0.10199999809265137
2026-07-22 00:00:00+08:00,33.380001068115234,13.350000381469727,6.659999847412109,2.4000000953674316,1.3700000047683716,7.28000020980835,3.6500000953674316,0.5299999713897705,2.640000104904175,0.1809999942779541,1.3700000047683716,1.5499999523162842,0.15199999511241913,0.20000000298023224,0.21699999272823334,0.03999999910593033,0.0689999982714653,0.04699999839067459,0.03700000047683716,0.10499999672174454
2026-07-23 00:00:00+08:00,34.0,13.5600004196167,6.789999961853027,2.4800000190734863,1.3899999856948853,7.46999979019165,3.690000057220459,0.5600000023841858,2.640000104904175,0.1860000044107437,1.3799999952316284,1.5499999523162842,0.1550000011920929,0.19900000095367432,0.2280000001192093,0.03799999877810478,0.0689999982714653,0.04699999839067459,0.03400000184774399,0.10199999809265137
2026-07-24 00:00:00+08:00,32.68000030517578,13.279999732971191,6.570000171661377,2.4100000858306885,1.3200000524520874,7.0,3.559999942779541,0.5299999713897705,2.640000104904175,0.17499999701976776,1.3799999952316284,1.5,0.15000000596046448,0.19499999284744263,0.21899999678134918,0.03799999877810478,0.06499999761581421,0.04800000041723251,0.03500000014901161,0.10199999809265137
2026-07-27 00:00:00+08:00,32.779998779296875,13.399999618530273,6.639999866485596,2.390000104904175,1.3300000429153442,7.199999809265137,3.5799999237060547,0.5400000214576721,2.640000104904175,0.17599999904632568,1.4199999570846558,1.5399999618530273,0.15399999916553497,0.1899999976158142,0.21799999475479126,0.03799999877810478,0.06199999898672104,0.04600000008940697,0.035999998450279236,0.10999999940395355
2026-07-28 00:00:00+08:00,33.58000183105469,13.399999618530273,6.75,2.4000000953674316,1.3300000429153442,7.159999847412109,3.5799999237060547,0.5299999713897705,2.640000104904175,0.17299999296665192,1.440000057220459,1.5,0.15800000727176666,0.1899999976158142,0.210999995470047,0.03700000047683716,0.05999999865889549,0.04600000008940697,0.03700000047683716,0.10300000011920929
2026-07-29 00:00:00+08:00,34.099998474121094,13.720000267028809,7.090000152587891,2.4800000190734863,1.3899999856948853,7.329999923706055,3.7300000190734863,0.550000011920929,2.640000104904175,0.17299999296665192,1.4600000381469727,1.5399999618530273,0.16099999845027924,0.18799999356269836,0.210999995470047,0.03700000047683716,0.06300000101327896,0.04800000041723251,0.03799999877810478,0.10199999809265137
2026-07-30 00:00:00+08:00,34.0,13.800000190734863,6.920000076293945,2.4700000286102295,1.3799999952316284,7.190000057220459,3.690000057220459,0.550000011920929,2.640000104904175,0.1679999977350235,1.4500000476837158,1.5199999809265137,0.1599999964237213,0.18799999356269836,0.20900000631809235,0.03799999877810478,0.06300000101327896,0.04699999839067459,0.039000000804662704,0.10100000351667404
2026-07-31 00:00:00+08:00,33.20000076293945,13.510000228881836,6.860000133514404,2.4800000190734863,1.3799999952316284,7.130000114440918,3.619999885559082,0.550000011920929,2.640000104904175,0.17000000178813934,1.4299999475479126,1.5199999809265137,0.1589999943971634,0.18299999833106995,0.20800000429153442,0.039000000804662704,0.06400000303983688,0.04800000041723251,0.039000000804662704,0.09799999743700027
2026-08-03 00:00:00+08:00,33.099998474121094,13.399999618530273,6.855000019073486,2.5199999809265137,1.3550000190734863,7.010000228881836,3.5899999141693115,0.5699999928474426,2.640000104904175,0.17100000381469727,1.409999966621399,1.5199999809265137,0.16699999570846558,0.18299999833106995,0.20800000429153442,0.03999999910593033,0.06599999964237213,0.05000000074505806,0.03799999877810478,0.10000000149011612
2026-08-04 00:00:00+08:00,33.41999816894531,13.25,6.690000057220459,2.4600000381469727,1.340000033378601,6.949999809265137,3.5199999809265137,0.5849999785423279,2.640000104904175,0.1720000058412552,1.409999966621399,1.5149999856948853,0.16599999368190765,0.18199999630451202,0.210999995470047,0.03999999910593033,0.06599999964237213,0.050999999046325684,0.03700000047683716,0.09700000286102295
2026-08-05 00:00:00+08:00,33.08000183105469,13.199999809265137,6.744999885559082,2.509999990463257,1.3799999952316284,7.25,3.609999895095825,0.6000000238418579,2.640000104904175,0.17499999701976776,1.4600000381469727,1.5399999618530273,0.17499999701976776,0.18199999630451202,0.21299999952316284,0.04399999976158142,0.07000000029802322,0.05299999937415123,0.041999999433755875,0.10499999672174454
2026-08-06 00:00:00+08:00,32.86000061035156,13.210000038146973,6.59499979019165,2.490000009536743,1.3550000190734863,7.135000228881836,3.5450000762939453,0.574999988079071,2.640000104904175,0.17299999296665192,1.440000057220459,1.5149999856948853,0.1770000010728836,0.18199999630451202,0.20999999344348907,0.03999999910593033,0.0689999982714653,0.04899999871850014,0.039000000804662704,0.10000000149011612
2026-08-07 00:00:00+08:00,32.81999969482422,13.140000343322754,6.514999866485596,2.5,1.3450000286102295,7.340000152587891,3.5,0.5799999833106995,2.640000104904175,0.17800000309944153,1.4249999523162842,1.4950000047683716,0.17299999296665192,0.18299999833106995,0.20999999344348907,0.04100000113248825,0.06800000369548798,0.05000000074505806,0.041999999433755875,0.10000000149011612
2026-08-10 00:00:00+08:00,32.900001525878906,13.1899995803833,6.625,2.515000104904175,1.4049999713897705,7.380000114440918,3.5999999046325684,0.6050000190734863,2.640000104904175,0.1940000057220459,1.4600000381469727,1.5049999952316284,0.18299999833106995,0.18299999833106995,0.20800000429153442,0.041999999433755875,0.07100000232458115,0.052000001072883606,0.041999999433755875,0.10300000011920929
2026-08-11 00:00:00+08:00,32.720001220703125,13.170000076293945,6.380000114440918,2.440000057220459,1.3650000095367432,7.324999809265137,3.555000066757202,0.5600000023841858,2.640000104904175,0.18299999833106995,1.399999976158142,1.4700000286102295,0.1809999942779541,0.18299999833106995,0.2029999941587448,0.03999999910593033,0.06599999964237213,0.050999999046325684,0.039000000804662704,0.10300000011920929
2026-08-12 00:00:00+08:00,35.0,13.760000228881836,6.940000057220459,2.5299999713897705,1.5549999475479126,8.029999732971191,3.9100000858306885,0.6100000143051147,2.640000104904175,0.19200000166893005,1.409999966621399,1.5549999475479126,0.18700000643730164,0.18000000715255737,0.210999995470047,0.041999999433755875,0.07000000029802322,0.05299999937415123,0.041999999433755875,0.10000000149011612
2026-08-13 00:00:00+08:00,34.119998931884766,13.479999542236328,6.550000190734863,2.4549999237060547,1.4450000524520874,7.599999904632568,3.7200000286102295,0.5699999928474426,2.640000104904175,0.18299999833106995,1.3899999856948853,1.4900000095367432,0.18299999833106995,0.1850000023841858,0.2070000022649765,0.03999999910593033,0.06400000303983688,0.050999999046325684,0.04100000113248825,0.10199999809265137
2026-08-14 00:00:00+08:00,34.20000076293945,13.479999542236328,6.46999979019165,2.424999952316284,1.475000023841858,7.574999809265137,3.9149999618530273,0.5699999928474426,2.640000104904175,0.18299999833106995,1.3899999856948853,1.475000023841858,0.18299999833106995,0.1850000023841858,0.20499999821186066,0.03799999877810478,0.06400000303983688,0.05000000074505806,0.04100000113248825,0.10100000351667404
2026-08-17 00:00:00+08:00,33.959999084472656,13.420000076293945,6.474999904632568,2.4000000953674316,1.4450000524520874,7.5,3.7049999237060547,0.5550000071525574,2.640000104904175,0.1809999942779541,1.3650000095367432,1.4850000143051147,0.18799999356269836,0.1860000044107437,0.20000000298023224,0.03700000047683716,0.06400000303983688,0.05000000074505806,0.03999999910593033,0.0989999994635582
2026-08-18 00:00:00+08:00,34.2400016784668,13.890000343322754,6.400000095367432,2.375,1.4550000429153442,7.724999904632568,3.680000066757202,0.5400000214576721,2.640000104904175,0.17499999701976776,1.350000023841858,1.4850000143051147,0.17800000309944153,0.1850000023841858,0.19900000095367432,0.035999998450279236,0.06400000303983688,0.04800000041723251,0.04100000113248825,0.10000000149011612
2026-08-19 00:00:00+08:00,34.15999984741211,13.960000038146973,6.445000171661377,2.365000009536743,1.465000033378601,7.639999866485596,3.6649999618530273,0.5350000262260437,2.640000104904175,0.17299999296665192,1.350000023841858,1.465000033378601,0.18299999833106995,0.1899999976158142,0.1979999989271164,0.03700000047683716,0.06400000303983688,0.05000000074505806,0.0430000014603138,0.0989999994635582
2026-08-20 00:00:00+08:00,35.2400016784668,14.149999618530273,6.764999866485596,2.440000057220459,1.524999976158142,7.829999923706055,3.734999895095825,0.5450000166893005,2.640000104904175,0.18000000715255737,1.3650000095367432,1.5099999904632568,0.18000000715255737,0.1899999976158142,0.20100000500679016,0.035999998450279236,0.06499999761581421,0.04800000041723251,0.04100000113248825,0.0989999994635582
2026-08-21 00:00:00+08:00,35.380001068115234,14.100000381469727,6.84499979019165,2.440000057220459,1.524999976158142,7.900000095367432,3.7750000953674316,0.5600000023841858,2.640000104904175,0.1860000044107437,1.3849999904632568,1.524999976158142,0.18000000715255737,0.18799999356269836,0.2029999941587448,0.03799999877810478,0.06599999964237213,0.05000000074505806,0.0430000014603138,0.0989999994635582
2026-08-24 00:00:00+08:00,34.220001220703125,13.829999923706055,6.630000114440918,2.359999895095825,1.4950000047683716,7.855000019073486,3.680000066757202,0.5450000166893005,2.640000104904175,0.1850000023841858,1.3949999809265137,1.4800000190734863,0.17399999499320984,0.18299999833106995,0.20499999821186066,0.035999998450279236,0.06400000303983688,0.04699999839067459,0.041999999433755875,0.10000000149011612
2026-08-25 00:00:00+08:00,34.279998779296875,13.789999961853027,6.659999847412109,2.424999952316284,1.4950000047683716,7.894999980926514,3.690000057220459,0.5699999928474426,2.640000104904175,0.19699999690055847,1.4149999618530273,1.4800000190734863,0.17399999499320984,0.1809999942779541,0.1979999989271164,0.03799999877810478,0.06800000369548798,0.04699999839067459,0.041999999433755875,0.10499999672174454
2026-08-26 00:00:00+08:00,34.779998779296875,14.350000381469727,6.889999866485596,2.444999933242798,1.625,7.925000190734863,3.7699999809265137,0.5849999785423279,2.640000104904175,0.19099999964237213,1.409999966621399,1.4950000047683716,0.17399999499320984,0.18199999630451202,0.20000000298023224,0.03700000047683716,0.06599999964237213,0.04600000008940697,0.0430000014603138,0.10000000149011612
2026-08-27 00:00:00+08:00,33.84000015258789,14.170000076293945,6.679999828338623,2.430000066757202,1.6150000095367432,7.625,3.694999933242798,0.6100000143051147,2.640000104904175,0.19200000166893005,1.399999976158142,1.4800000190734863,0.17100000381469727,0.18000000715255737,0.19499999284744263,0.03700000047683716,0.06700000166893005,0.04800000041723251,0.04500000178813934,0.0989999994635582
2026-08-28 00:00:00+08:00,33.18000030517578,13.819999694824219,6.789999961853027,2.490000009536743,1.5700000524520874,7.59499979019165,3.7750000953674316,0.675000011920929,2.640000104904175,0.19699999690055847,1.4450000524520874,1.4800000190734863,0.17100000381469727,0.18199999630451202,0.19699999690055847,0.039000000804662704,0.05900000035762787,0.04800000041723251,0.04800000041723251,0.10000000149011612
